ImageId,PredictionString
ID_18fb86d04,0.5 0.5 0.5 0.0 0.0 0.0 1.0
ID_ce06d4dc1,0.5 0.5 0.5 0.0 0.0 0.0 1.0
ID_afe07078f,0.5 0.5 0.5 0.0 0.0 0.0 1.0
ID_37caf75aa,0.5 0.5 0.5 0.0 0.0 0.0 1.0
ID_7655363ca,0.5 0.5 0.5 0.0 0.0 0.0 1.0
ID_ecb7edbb8,0.5 0.5 0.5 0.0 0.0 0.0 1.0
ID_e3b680bf6,0.5 0.5 0.5 0.0 0.0 0.0 1.0
ID_c51c8de2b,0.5 0.5 0.5 0.0 0.0 0.0 1.0
ID_bbe2505b7,0.5 0.5 0.5 0.0 0.0 0.0 1.0
ID_b2f337d86,0.5 0.5 0.5 0.0 0.0 0.0 1.0
ID_99bc4d11b,0.5 0.5 0.5 0.0 0.0 0.0 1.0
ID_9bd02b06b,0.5 0.5 0.5 0.0 0.0 0.0 1.0
ID_3eb110281,0.5 0.5 0.5 0.0 0.0 0.0 1.0
ID_223276b96,0.5 0.5 0.5 0.0 0.0 0.0 1.0
ID_1f8605bdc,0.5 0.5 0.5 0.0 0.0 0.0 1.0
ID_089d5b041,0.5 0.5 0.5 0.0 0.0 0.0 1.0
ID_b4fc9fa2c,0.5 0.5 0.5 0.0 0.0 0.0 1.0
ID_0a2bb53de,0.5 0.5 0.5 0.0 0.0 0.0 1.0
ID_58921d231,0.5 0.5 0.5 0.0 0.0 0.0 1.0
ID_f89d8e6cd,0.5 0.5 0.5 0.0 0.0 0.0 1.0
ID_9f9c04c6f,0.5 0.5 0.5 0.0 0.0 0.0 1.0
ID_0591a0910,0.5 0.5 0.5 0.0 0.0 0.0 1.0
ID_1a96a868e,0.5 0.5 0.5 0.0 0.0 0.0 1.0
ID_f164fabf2,0.5 0.5 0.5 0.0 0.0 0.0 1.0
ID_2749c3f78,0.5 0.5 0.5 0.0 0.0 0.0 1.0
ID_1a5257d65,0.5 0.5 0.5 0.0 0.0 0.0 1.0
ID_e88770830,0.5 0.5 0.5 0.0 0.0 0.0 1.0
ID_5eb629235,0.5 0.5 0.5 0.0 0.0 0.0 1.0
ID_3dc4de7a4,0.5 0.5 0.5 0.0 0.0 0.0 1.0
ID_298d74636,0.5 0.5 0.5 0.0 0.0 0.0 1.0
ID_521f0b21f,0.5 0.5 0.5 0.0 0.0 0.0 1.0
ID_f83fe5925,0.5 0.5 0.5 0.0 0.0 0.0 1.0
ID_818a14ac7,0.5 0.5 0.5 0.0 0.0 0.0 1.0
ID_124673c47,0.5 0.5 0.5 0.0 0.0 0.0 1.0
ID_35e87c9c8,0.5 0.5 0.5 0.0 0.0 0.0 1.0
ID_fe4a3f32a,0.5 0.5 0.5 0.0 0.0 0.0 1.0
ID_b4803dad5,0.5 0.5 0.5 0.0 0.0 0.0 1.0
ID_8edf7f1e2,0.5 0.5 0.5 0.0 0.0 0.0 1.0
ID_32f8110e0,0.5 0.5 0.5 0.0 0.0 0.0 1.0
ID_c441a81c5,0.5 0.5 0.5 0.0 0.0 0.0 1.0
ID_6f1cbf7b8,0.5 0.5 0.5 0.0 0.0 0.0 1.0
ID_5b0b480bb,0.5 0.5 0.5 0.0 0.0 0.0 1.0
ID_2710bd411,0.5 0.5 0.5 0.0 0.0 0.0 1.0
ID_e9e080023,0.5 0.5 0.5 0.0 0.0 0.0 1.0
ID_04ea999fc,0.5 0.5 0.5 0.0 0.0 0.0 1.0
ID_5510e0e03,0.5 0.5 0.5 0.0 0.0 0.0 1.0
ID_d4d060b51,0.5 0.5 0.5 0.0 0.0 0.0 1.0
ID_c8a27d85f,0.5 0.5 0.5 0.0 0.0 0.0 1.0
ID_7ce563e3a,0.5 0.5 0.5 0.0 0.0 0.0 1.0
ID_b4bf2f347,0.5 0.5 0.5 0.0 0.0 0.0 1.0
ID_dc7d38630,0.5 0.5 0.5 0.0 0.0 0.0 1.0
ID_5428a3a8f,0.5 0.5 0.5 0.0 0.0 0.0 1.0
ID_beb50a6f0,0.5 0.5 0.5 0.0 0.0 0.0 1.0
ID_910d907cc,0.5 0.5 0.5 0.0 0.0 0.0 1.0
ID_7973af9f9,0.5 0.5 0.5 0.0 0.0 0.0 1.0
ID_f765cad92,0.5 0.5 0.5 0.0 0.0 0.0 1.0
ID_ea4983b8e,0.5 0.5 0.5 0.0 0.0 0.0 1.0
ID_e3a9cccfb,0.5 0.5 0.5 0.0 0.0 0.0 1.0
ID_fd8ff86ab,0.5 0.5 0.5 0.0 0.0 0.0 1.0
ID_822983735,0.5 0.5 0.5 0.0 0.0 0.0 1.0
ID_70a367b7e,0.5 0.5 0.5 0.0 0.0 0.0 1.0
ID_8ddd4a836,0.5 0.5 0.5 0.0 0.0 0.0 1.0
ID_69183a385,0.5 0.5 0.5 0.0 0.0 0.0 1.0
ID_8d2791fc9,0.5 0.5 0.5 0.0 0.0 0.0 1.0
ID_84f2f637e,0.5 0.5 0.5 0.0 0.0 0.0 1.0
ID_6188e27be,0.5 0.5 0.5 0.0 0.0 0.0 1.0
ID_dc5878537,0.5 0.5 0.5 0.0 0.0 0.0 1.0
ID_5d0c7468e,0.5 0.5 0.5 0.0 0.0 0.0 1.0
ID_f4161f129,0.5 0.5 0.5 0.0 0.0 0.0 1.0
ID_bbf2e7374,0.5 0.5 0.5 0.0 0.0 0.0 1.0
ID_efdc95f06,0.5 0.5 0.5 0.0 0.0 0.0 1.0
ID_cf4f677c7,0.5 0.5 0.5 0.0 0.0 0.0 1.0
ID_27a33218b,0.5 0.5 0.5 0.0 0.0 0.0 1.0
ID_81d82a824,0.5 0.5 0.5 0.0 0.0 0.0 1.0
ID_9f8495aa0,0.5 0.5 0.5 0.0 0.0 0.0 1.0
ID_a9a8c1292,0.5 0.5 0.5 0.0 0.0 0.0 1.0
ID_1411dc012,0.5 0.5 0.5 0.0 0.0 0.0 1.0
ID_b60f5638c,0.5 0.5 0.5 0.0 0.0 0.0 1.0
ID_237729793,0.5 0.5 0.5 0.0 0.0 0.0 1.0
ID_73b210da5,0.5 0.5 0.5 0.0 0.0 0.0 1.0
ID_c6628179f,0.5 0.5 0.5 0.0 0.0 0.0 1.0
ID_f188d7b12,0.5 0.5 0.5 0.0 0.0 0.0 1.0
ID_35ff1963d,0.5 0.5 0.5 0.0 0.0 0.0 1.0
ID_9a18f5678,0.5 0.5 0.5 0.0 0.0 0.0 1.0
ID_db699f0ba,0.5 0.5 0.5 0.0 0.0 0.0 1.0
ID_fcfc2f0e3,0.5 0.5 0.5 0.0 0.0 0.0 1.0
ID_66e5f439a,0.5 0.5 0.5 0.0 0.0 0.0 1.0
ID_145aff094,0.5 0.5 0.5 0.0 0.0 0.0 1.0
ID_5f80c94a6,0.5 0.5 0.5 0.0 0.0 0.0 1.0
ID_b0dd0220a,0.5 0.5 0.5 0.0 0.0 0.0 1.0
ID_ed6b208cd,0.5 0.5 0.5 0.0 0.0 0.0 1.0
ID_92244eb19,0.5 0.5 0.5 0.0 0.0 0.0 1.0
ID_e825cd6ba,0.5 0.5 0.5 0.0 0.0 0.0 1.0
ID_984c81491,0.5 0.5 0.5 0.0 0.0 0.0 1.0
ID_886b3e1ee,0.5 0.5 0.5 0.0 0.0 0.0 1.0
ID_95e5e13ae,0.5 0.5 0.5 0.0 0.0 0.0 1.0
ID_aa7aa518e,0.5 0.5 0.5 0.0 0.0 0.0 1.0
ID_5ef969c1f,0.5 0.5 0.5 0.0 0.0 0.0 1.0
ID_db9cc3657,0.5 0.5 0.5 0.0 0.0 0.0 1.0
ID_826d8a694,0.5 0.5 0.5 0.0 0.0 0.0 1.0
ID_b61a1ab3a,0.5 0.5 0.5 0.0 0.0 0.0 1.0
ID_9f4b166b8,0.5 0.5 0.5 0.0 0.0 0.0 1.0
ID_b11a8e209,0.5 0.5 0.5 0.0 0.0 0.0 1.0
ID_f72f7d1e9,0.5 0.5 0.5 0.0 0.0 0.0 1.0
ID_cf563dbb0,0.5 0.5 0.5 0.0 0.0 0.0 1.0
ID_c0656f73a,0.5 0.5 0.5 0.0 0.0 0.0 1.0
ID_e53e450e9,0.5 0.5 0.5 0.0 0.0 0.0 1.0
ID_74c5f2bdc,0.5 0.5 0.5 0.0 0.0 0.0 1.0
ID_f6a5de7f1,0.5 0.5 0.5 0.0 0.0 0.0 1.0
ID_d5b13d65d,0.5 0.5 0.5 0.0 0.0 0.0 1.0
ID_019cd6743,0.5 0.5 0.5 0.0 0.0 0.0 1.0
ID_09b7b1a98,0.5 0.5 0.5 0.0 0.0 0.0 1.0
ID_2c0dadb64,0.5 0.5 0.5 0.0 0.0 0.0 1.0
ID_d4cd0361c,0.5 0.5 0.5 0.0 0.0 0.0 1.0
ID_2a810d9a7,0.5 0.5 0.5 0.0 0.0 0.0 1.0
ID_0a3e142a7,0.5 0.5 0.5 0.0 0.0 0.0 1.0
ID_42df17b79,0.5 0.5 0.5 0.0 0.0 0.0 1.0
ID_e279a3c10,0.5 0.5 0.5 0.0 0.0 0.0 1.0
ID_78690fd76,0.5 0.5 0.5 0.0 0.0 0.0 1.0
ID_33a36e21d,0.5 0.5 0.5 0.0 0.0 0.0 1.0
ID_24bcc8de2,0.5 0.5 0.5 0.0 0.0 0.0 1.0
ID_3e9c0ac2f,0.5 0.5 0.5 0.0 0.0 0.0 1.0
ID_f26b8472b,0.5 0.5 0.5 0.0 0.0 0.0 1.0
ID_dacce4def,0.5 0.5 0.5 0.0 0.0 0.0 1.0
ID_2b4cfdbc4,0.5 0.5 0.5 0.0 0.0 0.0 1.0
ID_7be5991ca,0.5 0.5 0.5 0.0 0.0 0.0 1.0
ID_0888e09d3,0.5 0.5 0.5 0.0 0.0 0.0 1.0
ID_1603c6cc4,0.5 0.5 0.5 0.0 0.0 0.0 1.0
ID_90ea92df3,0.5 0.5 0.5 0.0 0.0 0.0 1.0
ID_d1413be4a,0.5 0.5 0.5 0.0 0.0 0.0 1.0
ID_24ed98747,0.5 0.5 0.5 0.0 0.0 0.0 1.0
ID_4c0e723ec,0.5 0.5 0.5 0.0 0.0 0.0 1.0
ID_e8bf45726,0.5 0.5 0.5 0.0 0.0 0.0 1.0
ID_23dc481eb,0.5 0.5 0.5 0.0 0.0 0.0 1.0
ID_ea79fa490,0.5 0.5 0.5 0.0 0.0 0.0 1.0
ID_45fd58e48,0.5 0.5 0.5 0.0 0.0 0.0 1.0
ID_6593ce0ac,0.5 0.5 0.5 0.0 0.0 0.0 1.0
ID_ed0b68886,0.5 0.5 0.5 0.0 0.0 0.0 1.0
ID_924880548,0.5 0.5 0.5 0.0 0.0 0.0 1.0
ID_0b8753e02,0.5 0.5 0.5 0.0 0.0 0.0 1.0
ID_8b9d7243b,0.5 0.5 0.5 0.0 0.0 0.0 1.0
ID_50d3e88af,0.5 0.5 0.5 0.0 0.0 0.0 1.0
ID_d2dcc5065,0.5 0.5 0.5 0.0 0.0 0.0 1.0
ID_e9d12edc6,0.5 0.5 0.5 0.0 0.0 0.0 1.0
ID_97d43efa9,0.5 0.5 0.5 0.0 0.0 0.0 1.0
ID_b335275ca,0.5 0.5 0.5 0.0 0.0 0.0 1.0
ID_cc956973a,0.5 0.5 0.5 0.0 0.0 0.0 1.0
ID_f26b13561,0.5 0.5 0.5 0.0 0.0 0.0 1.0
ID_39e67f4ff,0.5 0.5 0.5 0.0 0.0 0.0 1.0
ID_51633cf8f,0.5 0.5 0.5 0.0 0.0 0.0 1.0
ID_a46fad5ba,0.5 0.5 0.5 0.0 0.0 0.0 1.0
ID_0e81a53c1,0.5 0.5 0.5 0.0 0.0 0.0 1.0
ID_ea5112ecf,0.5 0.5 0.5 0.0 0.0 0.0 1.0
ID_6914f6837,0.5 0.5 0.5 0.0 0.0 0.0 1.0
ID_b2a76b66a,0.5 0.5 0.5 0.0 0.0 0.0 1.0
ID_0c5ee89cb,0.5 0.5 0.5 0.0 0.0 0.0 1.0
ID_afffa55de,0.5 0.5 0.5 0.0 0.0 0.0 1.0
ID_4c1863a6b,0.5 0.5 0.5 0.0 0.0 0.0 1.0
ID_2b1461f10,0.5 0.5 0.5 0.0 0.0 0.0 1.0
ID_7579cd29a,0.5 0.5 0.5 0.0 0.0 0.0 1.0
ID_fa3eef16b,0.5 0.5 0.5 0.0 0.0 0.0 1.0
ID_83e6e50f3,0.5 0.5 0.5 0.0 0.0 0.0 1.0
ID_7ef514cb1,0.5 0.5 0.5 0.0 0.0 0.0 1.0
ID_6f729080f,0.5 0.5 0.5 0.0 0.0 0.0 1.0
ID_549732ad6,0.5 0.5 0.5 0.0 0.0 0.0 1.0
ID_8189a0156,0.5 0.5 0.5 0.0 0.0 0.0 1.0
ID_6d098be3d,0.5 0.5 0.5 0.0 0.0 0.0 1.0
ID_00b9164fe,0.5 0.5 0.5 0.0 0.0 0.0 1.0
ID_becc5964d,0.5 0.5 0.5 0.0 0.0 0.0 1.0
ID_5cbdcfeee,0.5 0.5 0.5 0.0 0.0 0.0 1.0
ID_5f3cb2545,0.5 0.5 0.5 0.0 0.0 0.0 1.0
ID_20a0d9759,0.5 0.5 0.5 0.0 0.0 0.0 1.0
ID_17a78e1f6,0.5 0.5 0.5 0.0 0.0 0.0 1.0
ID_fd60918bf,0.5 0.5 0.5 0.0 0.0 0.0 1.0
ID_37794da18,0.5 0.5 0.5 0.0 0.0 0.0 1.0
ID_805c420a9,0.5 0.5 0.5 0.0 0.0 0.0 1.0
ID_f7d5399a4,0.5 0.5 0.5 0.0 0.0 0.0 1.0
ID_68d42f412,0.5 0.5 0.5 0.0 0.0 0.0 1.0
ID_978bfe0fd,0.5 0.5 0.5 0.0 0.0 0.0 1.0
ID_d644bfc7a,0.5 0.5 0.5 0.0 0.0 0.0 1.0
ID_f3a42616c,0.5 0.5 0.5 0.0 0.0 0.0 1.0
ID_18f157bbb,0.5 0.5 0.5 0.0 0.0 0.0 1.0
ID_6ceb5fdee,0.5 0.5 0.5 0.0 0.0 0.0 1.0
ID_ffb1fcf1d,0.5 0.5 0.5 0.0 0.0 0.0 1.0
ID_932b8ac47,0.5 0.5 0.5 0.0 0.0 0.0 1.0
ID_fae5de180,0.5 0.5 0.5 0.0 0.0 0.0 1.0
ID_9914e3ea5,0.5 0.5 0.5 0.0 0.0 0.0 1.0
ID_62560b6b2,0.5 0.5 0.5 0.0 0.0 0.0 1.0
ID_91c3a9f2d,0.5 0.5 0.5 0.0 0.0 0.0 1.0
ID_73d2347a0,0.5 0.5 0.5 0.0 0.0 0.0 1.0
ID_4735640fd,0.5 0.5 0.5 0.0 0.0 0.0 1.0
ID_a29b26503,0.5 0.5 0.5 0.0 0.0 0.0 1.0
ID_1e24e3022,0.5 0.5 0.5 0.0 0.0 0.0 1.0
ID_186688368,0.5 0.5 0.5 0.0 0.0 0.0 1.0
ID_6b27966c4,0.5 0.5 0.5 0.0 0.0 0.0 1.0
ID_52ecb3f3a,0.5 0.5 0.5 0.0 0.0 0.0 1.0
ID_6edab2617,0.5 0.5 0.5 0.0 0.0 0.0 1.0
ID_d17f58f89,0.5 0.5 0.5 0.0 0.0 0.0 1.0
ID_a6a685bad,0.5 0.5 0.5 0.0 0.0 0.0 1.0
ID_ff0788cdc,0.5 0.5 0.5 0.0 0.0 0.0 1.0
ID_3155084f7,0.5 0.5 0.5 0.0 0.0 0.0 1.0
ID_c3b39da7a,0.5 0.5 0.5 0.0 0.0 0.0 1.0
ID_6ed8be04f,0.5 0.5 0.5 0.0 0.0 0.0 1.0
ID_4b00e0d74,0.5 0.5 0.5 0.0 0.0 0.0 1.0
ID_60efbcef1,0.5 0.5 0.5 0.0 0.0 0.0 1.0
ID_45b4acb53,0.5 0.5 0.5 0.0 0.0 0.0 1.0
ID_301ebfbd6,0.5 0.5 0.5 0.0 0.0 0.0 1.0
ID_4f68b7443,0.5 0.5 0.5 0.0 0.0 0.0 1.0
ID_2e6d4fa9d,0.5 0.5 0.5 0.0 0.0 0.0 1.0
ID_d4661c8ed,0.5 0.5 0.5 0.0 0.0 0.0 1.0
ID_1bd5604f9,0.5 0.5 0.5 0.0 0.0 0.0 1.0
ID_7d8356210,0.5 0.5 0.5 0.0 0.0 0.0 1.0
ID_5f6426df4,0.5 0.5 0.5 0.0 0.0 0.0 1.0
ID_e7951fa53,0.5 0.5 0.5 0.0 0.0 0.0 1.0
ID_2c2f4c9a0,0.5 0.5 0.5 0.0 0.0 0.0 1.0
ID_b11d64380,0.5 0.5 0.5 0.0 0.0 0.0 1.0
ID_6802bfe19,0.5 0.5 0.5 0.0 0.0 0.0 1.0
ID_b44d85647,0.5 0.5 0.5 0.0 0.0 0.0 1.0
ID_599de342b,0.5 0.5 0.5 0.0 0.0 0.0 1.0
ID_ec0908f54,0.5 0.5 0.5 0.0 0.0 0.0 1.0
ID_14eb5703a,0.5 0.5 0.5 0.0 0.0 0.0 1.0
ID_a2e22ac0a,0.5 0.5 0.5 0.0 0.0 0.0 1.0
ID_26270aeb0,0.5 0.5 0.5 0.0 0.0 0.0 1.0
ID_0b595ee86,0.5 0.5 0.5 0.0 0.0 0.0 1.0
ID_a62f8d248,0.5 0.5 0.5 0.0 0.0 0.0 1.0
ID_f216e9cb5,0.5 0.5 0.5 0.0 0.0 0.0 1.0
ID_137eceb83,0.5 0.5 0.5 0.0 0.0 0.0 1.0
ID_17710afd0,0.5 0.5 0.5 0.0 0.0 0.0 1.0
ID_394f3c0cc,0.5 0.5 0.5 0.0 0.0 0.0 1.0
ID_571eb567e,0.5 0.5 0.5 0.0 0.0 0.0 1.0
ID_c09ebcb17,0.5 0.5 0.5 0.0 0.0 0.0 1.0
ID_2b095cd49,0.5 0.5 0.5 0.0 0.0 0.0 1.0
ID_3a5b30d30,0.5 0.5 0.5 0.0 0.0 0.0 1.0
ID_2646fa276,0.5 0.5 0.5 0.0 0.0 0.0 1.0
ID_a78c959d7,0.5 0.5 0.5 0.0 0.0 0.0 1.0
ID_db49cdd10,0.5 0.5 0.5 0.0 0.0 0.0 1.0
ID_4e2857477,0.5 0.5 0.5 0.0 0.0 0.0 1.0
ID_3eedd48c0,0.5 0.5 0.5 0.0 0.0 0.0 1.0
ID_a7595b10b,0.5 0.5 0.5 0.0 0.0 0.0 1.0
ID_65dda0d1d,0.5 0.5 0.5 0.0 0.0 0.0 1.0
ID_e1236c056,0.5 0.5 0.5 0.0 0.0 0.0 1.0
ID_f1e596c2b,0.5 0.5 0.5 0.0 0.0 0.0 1.0
ID_cee9e8dd6,0.5 0.5 0.5 0.0 0.0 0.0 1.0
ID_d6ff739f1,0.5 0.5 0.5 0.0 0.0 0.0 1.0
ID_f3a6b5e90,0.5 0.5 0.5 0.0 0.0 0.0 1.0
ID_6cf4cf596,0.5 0.5 0.5 0.0 0.0 0.0 1.0
ID_6c14e293e,0.5 0.5 0.5 0.0 0.0 0.0 1.0
ID_030db1c08,0.5 0.5 0.5 0.0 0.0 0.0 1.0
ID_b118eb483,0.5 0.5 0.5 0.0 0.0 0.0 1.0
ID_274b09893,0.5 0.5 0.5 0.0 0.0 0.0 1.0
ID_16976e01a,0.5 0.5 0.5 0.0 0.0 0.0 1.0
ID_484504b9f,0.5 0.5 0.5 0.0 0.0 0.0 1.0
ID_c29c60a1a,0.5 0.5 0.5 0.0 0.0 0.0 1.0
ID_4b3aa06a2,0.5 0.5 0.5 0.0 0.0 0.0 1.0
ID_f3d0cc3db,0.5 0.5 0.5 0.0 0.0 0.0 1.0
ID_13a4303ea,0.5 0.5 0.5 0.0 0.0 0.0 1.0
ID_467295518,0.5 0.5 0.5 0.0 0.0 0.0 1.0
ID_cf880e774,0.5 0.5 0.5 0.0 0.0 0.0 1.0
ID_60ef935cb,0.5 0.5 0.5 0.0 0.0 0.0 1.0
ID_1c07711ea,0.5 0.5 0.5 0.0 0.0 0.0 1.0
ID_e0765c74e,0.5 0.5 0.5 0.0 0.0 0.0 1.0
ID_ab0d2a399,0.5 0.5 0.5 0.0 0.0 0.0 1.0
ID_b52db1945,0.5 0.5 0.5 0.0 0.0 0.0 1.0
ID_e4d6667a7,0.5 0.5 0.5 0.0 0.0 0.0 1.0
ID_a49a21d63,0.5 0.5 0.5 0.0 0.0 0.0 1.0
ID_b81e67615,0.5 0.5 0.5 0.0 0.0 0.0 1.0
ID_1690c6a35,0.5 0.5 0.5 0.0 0.0 0.0 1.0
ID_504def614,0.5 0.5 0.5 0.0 0.0 0.0 1.0
ID_c98cd8c24,0.5 0.5 0.5 0.0 0.0 0.0 1.0
ID_7a8559f7b,0.5 0.5 0.5 0.0 0.0 0.0 1.0
ID_ae909efbc,0.5 0.5 0.5 0.0 0.0 0.0 1.0
ID_9efcf56c9,0.5 0.5 0.5 0.0 0.0 0.0 1.0
ID_6169070c2,0.5 0.5 0.5 0.0 0.0 0.0 1.0
ID_8d7ca0e11,0.5 0.5 0.5 0.0 0.0 0.0 1.0
ID_2f01d362b,0.5 0.5 0.5 0.0 0.0 0.0 1.0
ID_3ca31e2a9,0.5 0.5 0.5 0.0 0.0 0.0 1.0
ID_1cab8201d,0.5 0.5 0.5 0.0 0.0 0.0 1.0
ID_9eb7569bc,0.5 0.5 0.5 0.0 0.0 0.0 1.0
ID_a8fb00411,0.5 0.5 0.5 0.0 0.0 0.0 1.0
ID_d02318726,0.5 0.5 0.5 0.0 0.0 0.0 1.0
ID_a708704aa,0.5 0.5 0.5 0.0 0.0 0.0 1.0
ID_7ec5fb5ec,0.5 0.5 0.5 0.0 0.0 0.0 1.0
ID_5acc39303,0.5 0.5 0.5 0.0 0.0 0.0 1.0
ID_44a4db161,0.5 0.5 0.5 0.0 0.0 0.0 1.0
ID_5f0fb407d,0.5 0.5 0.5 0.0 0.0 0.0 1.0
ID_1dbcbd963,0.5 0.5 0.5 0.0 0.0 0.0 1.0
ID_35e9d1406,0.5 0.5 0.5 0.0 0.0 0.0 1.0
ID_308213cb9,0.5 0.5 0.5 0.0 0.0 0.0 1.0
ID_f0281c7d6,0.5 0.5 0.5 0.0 0.0 0.0 1.0
ID_da2cf4deb,0.5 0.5 0.5 0.0 0.0 0.0 1.0
ID_93546548b,0.5 0.5 0.5 0.0 0.0 0.0 1.0
ID_23495df5e,0.5 0.5 0.5 0.0 0.0 0.0 1.0
ID_f28511482,0.5 0.5 0.5 0.0 0.0 0.0 1.0
ID_a4baae637,0.5 0.5 0.5 0.0 0.0 0.0 1.0
ID_3da1329cf,0.5 0.5 0.5 0.0 0.0 0.0 1.0
ID_f64d7f339,0.5 0.5 0.5 0.0 0.0 0.0 1.0
ID_c5d73e929,0.5 0.5 0.5 0.0 0.0 0.0 1.0
ID_54af2f112,0.5 0.5 0.5 0.0 0.0 0.0 1.0
ID_a400415f3,0.5 0.5 0.5 0.0 0.0 0.0 1.0
ID_b8d081edc,0.5 0.5 0.5 0.0 0.0 0.0 1.0
ID_50d34c252,0.5 0.5 0.5 0.0 0.0 0.0 1.0
ID_108c40f15,0.5 0.5 0.5 0.0 0.0 0.0 1.0
ID_6635673d8,0.5 0.5 0.5 0.0 0.0 0.0 1.0
ID_d70908cfa,0.5 0.5 0.5 0.0 0.0 0.0 1.0
ID_93f13df40,0.5 0.5 0.5 0.0 0.0 0.0 1.0
ID_ed7816b87,0.5 0.5 0.5 0.0 0.0 0.0 1.0
ID_5fdb85efe,0.5 0.5 0.5 0.0 0.0 0.0 1.0
ID_c28020293,0.5 0.5 0.5 0.0 0.0 0.0 1.0
ID_3a8d44bb4,0.5 0.5 0.5 0.0 0.0 0.0 1.0
ID_acbb322b7,0.5 0.5 0.5 0.0 0.0 0.0 1.0
ID_b6434369f,0.5 0.5 0.5 0.0 0.0 0.0 1.0
ID_ea90865e4,0.5 0.5 0.5 0.0 0.0 0.0 1.0
ID_cb62e4df4,0.5 0.5 0.5 0.0 0.0 0.0 1.0
ID_fa77e5629,0.5 0.5 0.5 0.0 0.0 0.0 1.0
ID_5024b27f8,0.5 0.5 0.5 0.0 0.0 0.0 1.0
ID_905dec508,0.5 0.5 0.5 0.0 0.0 0.0 1.0
ID_05d8725ff,0.5 0.5 0.5 0.0 0.0 0.0 1.0
ID_3491d8cb8,0.5 0.5 0.5 0.0 0.0 0.0 1.0
ID_310b9f145,0.5 0.5 0.5 0.0 0.0 0.0 1.0
ID_372e7f8a5,0.5 0.5 0.5 0.0 0.0 0.0 1.0
ID_fc4b152c8,0.5 0.5 0.5 0.0 0.0 0.0 1.0
ID_e84cfcf44,0.5 0.5 0.5 0.0 0.0 0.0 1.0
ID_442dce647,0.5 0.5 0.5 0.0 0.0 0.0 1.0
ID_3da3b89d9,0.5 0.5 0.5 0.0 0.0 0.0 1.0
ID_5a528a912,0.5 0.5 0.5 0.0 0.0 0.0 1.0
ID_d0d682426,0.5 0.5 0.5 0.0 0.0 0.0 1.0
ID_15b8861d0,0.5 0.5 0.5 0.0 0.0 0.0 1.0
ID_0d0958772,0.5 0.5 0.5 0.0 0.0 0.0 1.0
ID_670403f64,0.5 0.5 0.5 0.0 0.0 0.0 1.0
ID_f52dc6773,0.5 0.5 0.5 0.0 0.0 0.0 1.0
ID_01eb39016,0.5 0.5 0.5 0.0 0.0 0.0 1.0
ID_4260ee01a,0.5 0.5 0.5 0.0 0.0 0.0 1.0
ID_115fe8655,0.5 0.5 0.5 0.0 0.0 0.0 1.0
ID_ea178a5fb,0.5 0.5 0.5 0.0 0.0 0.0 1.0
ID_297d09e3c,0.5 0.5 0.5 0.0 0.0 0.0 1.0
ID_0f27bdaaf,0.5 0.5 0.5 0.0 0.0 0.0 1.0
ID_0b75603a0,0.5 0.5 0.5 0.0 0.0 0.0 1.0
ID_10b9b9178,0.5 0.5 0.5 0.0 0.0 0.0 1.0
ID_f2a715865,0.5 0.5 0.5 0.0 0.0 0.0 1.0
ID_1fc5c222d,0.5 0.5 0.5 0.0 0.0 0.0 1.0
ID_ba70f3e07,0.5 0.5 0.5 0.0 0.0 0.0 1.0
ID_7d26afb34,0.5 0.5 0.5 0.0 0.0 0.0 1.0
ID_e4ff802b0,0.5 0.5 0.5 0.0 0.0 0.0 1.0
ID_b53d3cf97,0.5 0.5 0.5 0.0 0.0 0.0 1.0
ID_b2d1b80e3,0.5 0.5 0.5 0.0 0.0 0.0 1.0
ID_805a85399,0.5 0.5 0.5 0.0 0.0 0.0 1.0
ID_24cc4e2d2,0.5 0.5 0.5 0.0 0.0 0.0 1.0
ID_210a8da32,0.5 0.5 0.5 0.0 0.0 0.0 1.0
ID_5490bf3da,0.5 0.5 0.5 0.0 0.0 0.0 1.0
ID_66d32f422,0.5 0.5 0.5 0.0 0.0 0.0 1.0
ID_3353e4a3c,0.5 0.5 0.5 0.0 0.0 0.0 1.0
ID_0dca1bc51,0.5 0.5 0.5 0.0 0.0 0.0 1.0
ID_6fd8825d9,0.5 0.5 0.5 0.0 0.0 0.0 1.0
ID_387f14ca9,0.5 0.5 0.5 0.0 0.0 0.0 1.0
ID_bcadc06b8,0.5 0.5 0.5 0.0 0.0 0.0 1.0
ID_1fc89efe8,0.5 0.5 0.5 0.0 0.0 0.0 1.0
ID_d1451b15e,0.5 0.5 0.5 0.0 0.0 0.0 1.0
ID_0f964522e,0.5 0.5 0.5 0.0 0.0 0.0 1.0
ID_d0d4b7809,0.5 0.5 0.5 0.0 0.0 0.0 1.0
ID_d21d90226,0.5 0.5 0.5 0.0 0.0 0.0 1.0
ID_09cf1767d,0.5 0.5 0.5 0.0 0.0 0.0 1.0
ID_0c3b1786e,0.5 0.5 0.5 0.0 0.0 0.0 1.0
ID_98f0679da,0.5 0.5 0.5 0.0 0.0 0.0 1.0
ID_ab9952233,0.5 0.5 0.5 0.0 0.0 0.0 1.0
ID_e2e19d69e,0.5 0.5 0.5 0.0 0.0 0.0 1.0
ID_dc4fa6c93,0.5 0.5 0.5 0.0 0.0 0.0 1.0
ID_2bb252857,0.5 0.5 0.5 0.0 0.0 0.0 1.0
ID_bb3be1d26,0.5 0.5 0.5 0.0 0.0 0.0 1.0
ID_53890b16c,0.5 0.5 0.5 0.0 0.0 0.0 1.0
ID_c1ef71025,0.5 0.5 0.5 0.0 0.0 0.0 1.0
ID_8c56f7995,0.5 0.5 0.5 0.0 0.0 0.0 1.0
ID_e1cef45df,0.5 0.5 0.5 0.0 0.0 0.0 1.0
ID_c5b042467,0.5 0.5 0.5 0.0 0.0 0.0 1.0
ID_d43b625bf,0.5 0.5 0.5 0.0 0.0 0.0 1.0
ID_9cd3e54a1,0.5 0.5 0.5 0.0 0.0 0.0 1.0
ID_caa0d1bbc,0.5 0.5 0.5 0.0 0.0 0.0 1.0
ID_c495d6499,0.5 0.5 0.5 0.0 0.0 0.0 1.0
ID_1efbe5875,0.5 0.5 0.5 0.0 0.0 0.0 1.0
ID_9712c5232,0.5 0.5 0.5 0.0 0.0 0.0 1.0
ID_2e862f8ef,0.5 0.5 0.5 0.0 0.0 0.0 1.0
ID_ccc2e41e4,0.5 0.5 0.5 0.0 0.0 0.0 1.0
ID_2280da081,0.5 0.5 0.5 0.0 0.0 0.0 1.0
ID_d7d67a1e7,0.5 0.5 0.5 0.0 0.0 0.0 1.0
ID_99a42f367,0.5 0.5 0.5 0.0 0.0 0.0 1.0
ID_8ce2b0c7d,0.5 0.5 0.5 0.0 0.0 0.0 1.0
ID_d1ccf8c08,0.5 0.5 0.5 0.0 0.0 0.0 1.0
ID_062b90755,0.5 0.5 0.5 0.0 0.0 0.0 1.0
ID_0eeb9f023,0.5 0.5 0.5 0.0 0.0 0.0 1.0
ID_8937729f6,0.5 0.5 0.5 0.0 0.0 0.0 1.0
ID_7052916e0,0.5 0.5 0.5 0.0 0.0 0.0 1.0
ID_b48abb551,0.5 0.5 0.5 0.0 0.0 0.0 1.0
ID_d5018a235,0.5 0.5 0.5 0.0 0.0 0.0 1.0
ID_002c9d7ed,0.5 0.5 0.5 0.0 0.0 0.0 1.0
ID_11b267922,0.5 0.5 0.5 0.0 0.0 0.0 1.0
ID_3587f95df,0.5 0.5 0.5 0.0 0.0 0.0 1.0
ID_4cf2751ed,0.5 0.5 0.5 0.0 0.0 0.0 1.0
ID_fe4409f68,0.5 0.5 0.5 0.0 0.0 0.0 1.0
ID_1727565bc,0.5 0.5 0.5 0.0 0.0 0.0 1.0
ID_e48be1746,0.5 0.5 0.5 0.0 0.0 0.0 1.0
ID_aa2e8d1d2,0.5 0.5 0.5 0.0 0.0 0.0 1.0
ID_8273d900f,0.5 0.5 0.5 0.0 0.0 0.0 1.0
ID_39552ffff,0.5 0.5 0.5 0.0 0.0 0.0 1.0
ID_831c431da,0.5 0.5 0.5 0.0 0.0 0.0 1.0
ID_307cfdacd,0.5 0.5 0.5 0.0 0.0 0.0 1.0
ID_70e2ff5cb,0.5 0.5 0.5 0.0 0.0 0.0 1.0
ID_a6c26004a,0.5 0.5 0.5 0.0 0.0 0.0 1.0
ID_d1f008262,0.5 0.5 0.5 0.0 0.0 0.0 1.0
ID_b7901101f,0.5 0.5 0.5 0.0 0.0 0.0 1.0
ID_d52576958,0.5 0.5 0.5 0.0 0.0 0.0 1.0
ID_08b7d6f4a,0.5 0.5 0.5 0.0 0.0 0.0 1.0
ID_efbecb92b,0.5 0.5 0.5 0.0 0.0 0.0 1.0
ID_c53766f57,0.5 0.5 0.5 0.0 0.0 0.0 1.0
ID_76d67bc10,0.5 0.5 0.5 0.0 0.0 0.0 1.0
ID_11e7a4fb1,0.5 0.5 0.5 0.0 0.0 0.0 1.0
ID_46e317be2,0.5 0.5 0.5 0.0 0.0 0.0 1.0
ID_6f477bd3b,0.5 0.5 0.5 0.0 0.0 0.0 1.0
ID_efcfaeeb5,0.5 0.5 0.5 0.0 0.0 0.0 1.0
ID_fde5a5e2d,0.5 0.5 0.5 0.0 0.0 0.0 1.0
ID_abdbf06f2,0.5 0.5 0.5 0.0 0.0 0.0 1.0
ID_0e5045516,0.5 0.5 0.5 0.0 0.0 0.0 1.0
ID_21e7babf0,0.5 0.5 0.5 0.0 0.0 0.0 1.0
ID_0c20699ea,0.5 0.5 0.5 0.0 0.0 0.0 1.0
ID_792e4f1cd,0.5 0.5 0.5 0.0 0.0 0.0 1.0
ID_a656fccdb,0.5 0.5 0.5 0.0 0.0 0.0 1.0
ID_f4d659fcb,0.5 0.5 0.5 0.0 0.0 0.0 1.0
ID_92ec5be55,0.5 0.5 0.5 0.0 0.0 0.0 1.0
ID_1b05904e5,0.5 0.5 0.5 0.0 0.0 0.0 1.0
ID_6a871afe1,0.5 0.5 0.5 0.0 0.0 0.0 1.0
ID_ba6fce113,0.5 0.5 0.5 0.0 0.0 0.0 1.0
ID_df1490857,0.5 0.5 0.5 0.0 0.0 0.0 1.0
ID_8d29fde7f,0.5 0.5 0.5 0.0 0.0 0.0 1.0
ID_fcf986a88,0.5 0.5 0.5 0.0 0.0 0.0 1.0
ID_013d86ee0,0.5 0.5 0.5 0.0 0.0 0.0 1.0
ID_c058a42ab,0.5 0.5 0.5 0.0 0.0 0.0 1.0
ID_8a700e979,0.5 0.5 0.5 0.0 0.0 0.0 1.0
ID_2dc089af9,0.5 0.5 0.5 0.0 0.0 0.0 1.0
ID_591112459,0.5 0.5 0.5 0.0 0.0 0.0 1.0
ID_c51d85e54,0.5 0.5 0.5 0.0 0.0 0.0 1.0
ID_dbf60dfc5,0.5 0.5 0.5 0.0 0.0 0.0 1.0
ID_da3b93017,0.5 0.5 0.5 0.0 0.0 0.0 1.0
ID_4294d970e,0.5 0.5 0.5 0.0 0.0 0.0 1.0
ID_76dcd1edd,0.5 0.5 0.5 0.0 0.0 0.0 1.0
ID_943847c7f,0.5 0.5 0.5 0.0 0.0 0.0 1.0
ID_b6fc094fe,0.5 0.5 0.5 0.0 0.0 0.0 1.0
ID_557c6c5de,0.5 0.5 0.5 0.0 0.0 0.0 1.0
ID_3a5e220e3,0.5 0.5 0.5 0.0 0.0 0.0 1.0
ID_bc9124bfe,0.5 0.5 0.5 0.0 0.0 0.0 1.0
ID_fc9b5a6e1,0.5 0.5 0.5 0.0 0.0 0.0 1.0
ID_7db44d9be,0.5 0.5 0.5 0.0 0.0 0.0 1.0
ID_16aab1d89,0.5 0.5 0.5 0.0 0.0 0.0 1.0
ID_8c084d7f6,0.5 0.5 0.5 0.0 0.0 0.0 1.0
ID_339114eb7,0.5 0.5 0.5 0.0 0.0 0.0 1.0
ID_e8723c233,0.5 0.5 0.5 0.0 0.0 0.0 1.0
ID_7bbe292da,0.5 0.5 0.5 0.0 0.0 0.0 1.0
ID_495ff3530,0.5 0.5 0.5 0.0 0.0 0.0 1.0
ID_48602a335,0.5 0.5 0.5 0.0 0.0 0.0 1.0
ID_379624f38,0.5 0.5 0.5 0.0 0.0 0.0 1.0
ID_736039573,0.5 0.5 0.5 0.0 0.0 0.0 1.0
ID_72938094a,0.5 0.5 0.5 0.0 0.0 0.0 1.0
ID_6a0c5c492,0.5 0.5 0.5 0.0 0.0 0.0 1.0
ID_90163c6fc,0.5 0.5 0.5 0.0 0.0 0.0 1.0
ID_a89da0155,0.5 0.5 0.5 0.0 0.0 0.0 1.0
ID_7e58a4fbc,0.5 0.5 0.5 0.0 0.0 0.0 1.0
ID_382f81a03,0.5 0.5 0.5 0.0 0.0 0.0 1.0
ID_9c7c63ef6,0.5 0.5 0.5 0.0 0.0 0.0 1.0
ID_6e5160e49,0.5 0.5 0.5 0.0 0.0 0.0 1.0
ID_b8c7f1528,0.5 0.5 0.5 0.0 0.0 0.0 1.0
ID_945106827,0.5 0.5 0.5 0.0 0.0 0.0 1.0
ID_33a9c063b,0.5 0.5 0.5 0.0 0.0 0.0 1.0
ID_7c50cd565,0.5 0.5 0.5 0.0 0.0 0.0 1.0
ID_cde0c9751,0.5 0.5 0.5 0.0 0.0 0.0 1.0
ID_309e2f0ec,0.5 0.5 0.5 0.0 0.0 0.0 1.0
ID_d9bc5fb99,0.5 0.5 0.5 0.0 0.0 0.0 1.0
ID_a4fd2af82,0.5 0.5 0.5 0.0 0.0 0.0 1.0
ID_5f80e220b,0.5 0.5 0.5 0.0 0.0 0.0 1.0
ID_3582abc91,0.5 0.5 0.5 0.0 0.0 0.0 1.0
ID_10bb22dd9,0.5 0.5 0.5 0.0 0.0 0.0 1.0
ID_face71ff2,0.5 0.5 0.5 0.0 0.0 0.0 1.0
ID_9c30b87d3,0.5 0.5 0.5 0.0 0.0 0.0 1.0
ID_6be5c7389,0.5 0.5 0.5 0.0 0.0 0.0 1.0
ID_4026f7ff5,0.5 0.5 0.5 0.0 0.0 0.0 1.0
ID_0fd559699,0.5 0.5 0.5 0.0 0.0 0.0 1.0
ID_48b831fc8,0.5 0.5 0.5 0.0 0.0 0.0 1.0
ID_364b664d1,0.5 0.5 0.5 0.0 0.0 0.0 1.0
ID_af013b46b,0.5 0.5 0.5 0.0 0.0 0.0 1.0
ID_7a930c15c,0.5 0.5 0.5 0.0 0.0 0.0 1.0
ID_66c99c8c1,0.5 0.5 0.5 0.0 0.0 0.0 1.0
ID_f1b6e64bc,0.5 0.5 0.5 0.0 0.0 0.0 1.0
ID_b855e2e3e,0.5 0.5 0.5 0.0 0.0 0.0 1.0
ID_87f88f960,0.5 0.5 0.5 0.0 0.0 0.0 1.0
ID_4060f8ce1,0.5 0.5 0.5 0.0 0.0 0.0 1.0
ID_325090b78,0.5 0.5 0.5 0.0 0.0 0.0 1.0
ID_b02c86f74,0.5 0.5 0.5 0.0 0.0 0.0 1.0
ID_172b8feda,0.5 0.5 0.5 0.0 0.0 0.0 1.0
ID_da31d59d1,0.5 0.5 0.5 0.0 0.0 0.0 1.0
ID_ebebee917,0.5 0.5 0.5 0.0 0.0 0.0 1.0
ID_c281da720,0.5 0.5 0.5 0.0 0.0 0.0 1.0
ID_f4a8958c8,0.5 0.5 0.5 0.0 0.0 0.0 1.0
ID_734fa72a0,0.5 0.5 0.5 0.0 0.0 0.0 1.0
ID_ac3ee3543,0.5 0.5 0.5 0.0 0.0 0.0 1.0
ID_444f213a3,0.5 0.5 0.5 0.0 0.0 0.0 1.0
ID_c0a22e2f7,0.5 0.5 0.5 0.0 0.0 0.0 1.0
ID_111097787,0.5 0.5 0.5 0.0 0.0 0.0 1.0
ID_cb3ffca84,0.5 0.5 0.5 0.0 0.0 0.0 1.0
ID_5ff8626ea,0.5 0.5 0.5 0.0 0.0 0.0 1.0
ID_26dad1bbc,0.5 0.5 0.5 0.0 0.0 0.0 1.0
ID_ed9e9506a,0.5 0.5 0.5 0.0 0.0 0.0 1.0
ID_acd48d886,0.5 0.5 0.5 0.0 0.0 0.0 1.0
ID_fa15aa1fb,0.5 0.5 0.5 0.0 0.0 0.0 1.0
ID_808608a2a,0.5 0.5 0.5 0.0 0.0 0.0 1.0
ID_b08cf032e,0.5 0.5 0.5 0.0 0.0 0.0 1.0
ID_fe0726af4,0.5 0.5 0.5 0.0 0.0 0.0 1.0
ID_e96f0618c,0.5 0.5 0.5 0.0 0.0 0.0 1.0
ID_389d9906a,0.5 0.5 0.5 0.0 0.0 0.0 1.0
ID_419d663da,0.5 0.5 0.5 0.0 0.0 0.0 1.0
ID_ce57b1aee,0.5 0.5 0.5 0.0 0.0 0.0 1.0
ID_cb3b5fd27,0.5 0.5 0.5 0.0 0.0 0.0 1.0
ID_6c5c7861f,0.5 0.5 0.5 0.0 0.0 0.0 1.0
ID_f644dde38,0.5 0.5 0.5 0.0 0.0 0.0 1.0
ID_eb76856e2,0.5 0.5 0.5 0.0 0.0 0.0 1.0
ID_534e32a20,0.5 0.5 0.5 0.0 0.0 0.0 1.0
ID_28ded9985,0.5 0.5 0.5 0.0 0.0 0.0 1.0
ID_35467ad85,0.5 0.5 0.5 0.0 0.0 0.0 1.0
ID_5b68ced35,0.5 0.5 0.5 0.0 0.0 0.0 1.0
ID_f74b5542c,0.5 0.5 0.5 0.0 0.0 0.0 1.0
ID_a30719efd,0.5 0.5 0.5 0.0 0.0 0.0 1.0
ID_45db1b5c8,0.5 0.5 0.5 0.0 0.0 0.0 1.0
ID_a2d021901,0.5 0.5 0.5 0.0 0.0 0.0 1.0
ID_cd94c24be,0.5 0.5 0.5 0.0 0.0 0.0 1.0
ID_7c38a7d2a,0.5 0.5 0.5 0.0 0.0 0.0 1.0
ID_d064238cb,0.5 0.5 0.5 0.0 0.0 0.0 1.0
ID_37377a64b,0.5 0.5 0.5 0.0 0.0 0.0 1.0
ID_4e9ead80d,0.5 0.5 0.5 0.0 0.0 0.0 1.0
ID_d87c24c39,0.5 0.5 0.5 0.0 0.0 0.0 1.0
ID_38ea118eb,0.5 0.5 0.5 0.0 0.0 0.0 1.0
ID_61caba1c2,0.5 0.5 0.5 0.0 0.0 0.0 1.0
ID_1617b5747,0.5 0.5 0.5 0.0 0.0 0.0 1.0
ID_3bdec79fb,0.5 0.5 0.5 0.0 0.0 0.0 1.0
ID_e58657262,0.5 0.5 0.5 0.0 0.0 0.0 1.0
ID_1df0d6762,0.5 0.5 0.5 0.0 0.0 0.0 1.0
ID_cabfea387,0.5 0.5 0.5 0.0 0.0 0.0 1.0
ID_936dd479d,0.5 0.5 0.5 0.0 0.0 0.0 1.0
ID_b12eecb27,0.5 0.5 0.5 0.0 0.0 0.0 1.0
ID_8b523b14f,0.5 0.5 0.5 0.0 0.0 0.0 1.0
ID_6598154fe,0.5 0.5 0.5 0.0 0.0 0.0 1.0
ID_4e8d21463,0.5 0.5 0.5 0.0 0.0 0.0 1.0
ID_a473e8596,0.5 0.5 0.5 0.0 0.0 0.0 1.0
ID_ee90c4e99,0.5 0.5 0.5 0.0 0.0 0.0 1.0
ID_804566775,0.5 0.5 0.5 0.0 0.0 0.0 1.0
ID_5a24bdef4,0.5 0.5 0.5 0.0 0.0 0.0 1.0
ID_1f725e1ea,0.5 0.5 0.5 0.0 0.0 0.0 1.0
ID_46f5cda79,0.5 0.5 0.5 0.0 0.0 0.0 1.0
ID_a97cc347c,0.5 0.5 0.5 0.0 0.0 0.0 1.0
ID_959784dd9,0.5 0.5 0.5 0.0 0.0 0.0 1.0
ID_cb9e06154,0.5 0.5 0.5 0.0 0.0 0.0 1.0
ID_804b2e97a,0.5 0.5 0.5 0.0 0.0 0.0 1.0
ID_8251270a1,0.5 0.5 0.5 0.0 0.0 0.0 1.0
ID_ea454be2b,0.5 0.5 0.5 0.0 0.0 0.0 1.0
ID_fdb4db3d3,0.5 0.5 0.5 0.0 0.0 0.0 1.0
ID_65062eea3,0.5 0.5 0.5 0.0 0.0 0.0 1.0
ID_f2ae796ae,0.5 0.5 0.5 0.0 0.0 0.0 1.0
ID_fec5cbc1e,0.5 0.5 0.5 0.0 0.0 0.0 1.0
ID_fba2c4fb8,0.5 0.5 0.5 0.0 0.0 0.0 1.0
ID_6756c906d,0.5 0.5 0.5 0.0 0.0 0.0 1.0
ID_b96214cf5,0.5 0.5 0.5 0.0 0.0 0.0 1.0
ID_09fa8ab63,0.5 0.5 0.5 0.0 0.0 0.0 1.0
ID_004317e79,0.5 0.5 0.5 0.0 0.0 0.0 1.0
ID_670ddf738,0.5 0.5 0.5 0.0 0.0 0.0 1.0
ID_3bfe74c71,0.5 0.5 0.5 0.0 0.0 0.0 1.0
ID_6e016cf87,0.5 0.5 0.5 0.0 0.0 0.0 1.0
ID_2dd59ee60,0.5 0.5 0.5 0.0 0.0 0.0 1.0
ID_4fea22040,0.5 0.5 0.5 0.0 0.0 0.0 1.0
ID_3dc9ec32e,0.5 0.5 0.5 0.0 0.0 0.0 1.0
ID_57ff52a3f,0.5 0.5 0.5 0.0 0.0 0.0 1.0
ID_a303907be,0.5 0.5 0.5 0.0 0.0 0.0 1.0
ID_d2cecbe4d,0.5 0.5 0.5 0.0 0.0 0.0 1.0
ID_01545e89a,0.5 0.5 0.5 0.0 0.0 0.0 1.0
ID_40f5cad7c,0.5 0.5 0.5 0.0 0.0 0.0 1.0
ID_b02f0033c,0.5 0.5 0.5 0.0 0.0 0.0 1.0
ID_907762a30,0.5 0.5 0.5 0.0 0.0 0.0 1.0
ID_a1545df60,0.5 0.5 0.5 0.0 0.0 0.0 1.0
ID_a8a05b611,0.5 0.5 0.5 0.0 0.0 0.0 1.0
ID_cfacf5cf1,0.5 0.5 0.5 0.0 0.0 0.0 1.0
ID_e42aef935,0.5 0.5 0.5 0.0 0.0 0.0 1.0
ID_af95f02ff,0.5 0.5 0.5 0.0 0.0 0.0 1.0
ID_6df2f8ce7,0.5 0.5 0.5 0.0 0.0 0.0 1.0
ID_07143bf91,0.5 0.5 0.5 0.0 0.0 0.0 1.0
ID_64373d302,0.5 0.5 0.5 0.0 0.0 0.0 1.0
ID_d024ac603,0.5 0.5 0.5 0.0 0.0 0.0 1.0
ID_11705552d,0.5 0.5 0.5 0.0 0.0 0.0 1.0
ID_7826c7275,0.5 0.5 0.5 0.0 0.0 0.0 1.0
ID_55ca04d37,0.5 0.5 0.5 0.0 0.0 0.0 1.0
ID_8bfe04325,0.5 0.5 0.5 0.0 0.0 0.0 1.0
ID_438fa8add,0.5 0.5 0.5 0.0 0.0 0.0 1.0
ID_72cc09477,0.5 0.5 0.5 0.0 0.0 0.0 1.0
ID_51d7f24a3,0.5 0.5 0.5 0.0 0.0 0.0 1.0
ID_60153d9e2,0.5 0.5 0.5 0.0 0.0 0.0 1.0
ID_fbb0d8d56,0.5 0.5 0.5 0.0 0.0 0.0 1.0
ID_09454a273,0.5 0.5 0.5 0.0 0.0 0.0 1.0
ID_66d2ddb0c,0.5 0.5 0.5 0.0 0.0 0.0 1.0
ID_b0db94b5e,0.5 0.5 0.5 0.0 0.0 0.0 1.0
ID_39b605d37,0.5 0.5 0.5 0.0 0.0 0.0 1.0
ID_431d8fd79,0.5 0.5 0.5 0.0 0.0 0.0 1.0
ID_1d7e38359,0.5 0.5 0.5 0.0 0.0 0.0 1.0
ID_b183b55dd,0.5 0.5 0.5 0.0 0.0 0.0 1.0
ID_00953012a,0.5 0.5 0.5 0.0 0.0 0.0 1.0
ID_99fe54eb1,0.5 0.5 0.5 0.0 0.0 0.0 1.0
ID_0f8cb363e,0.5 0.5 0.5 0.0 0.0 0.0 1.0
ID_ecfc834ef,0.5 0.5 0.5 0.0 0.0 0.0 1.0
ID_611377382,0.5 0.5 0.5 0.0 0.0 0.0 1.0
ID_4bcd41e36,0.5 0.5 0.5 0.0 0.0 0.0 1.0
ID_2fa2fc793,0.5 0.5 0.5 0.0 0.0 0.0 1.0
ID_ad5a49ff8,0.5 0.5 0.5 0.0 0.0 0.0 1.0
ID_63cf7a9ea,0.5 0.5 0.5 0.0 0.0 0.0 1.0
ID_ba0af9eb6,0.5 0.5 0.5 0.0 0.0 0.0 1.0
ID_440f91186,0.5 0.5 0.5 0.0 0.0 0.0 1.0
ID_4ddbbb0a3,0.5 0.5 0.5 0.0 0.0 0.0 1.0
ID_0f703f609,0.5 0.5 0.5 0.0 0.0 0.0 1.0
ID_58948d253,0.5 0.5 0.5 0.0 0.0 0.0 1.0
ID_4277743c4,0.5 0.5 0.5 0.0 0.0 0.0 1.0
ID_d50db6f75,0.5 0.5 0.5 0.0 0.0 0.0 1.0
ID_0aeff8b37,0.5 0.5 0.5 0.0 0.0 0.0 1.0
ID_716499a95,0.5 0.5 0.5 0.0 0.0 0.0 1.0
ID_691f63030,0.5 0.5 0.5 0.0 0.0 0.0 1.0
ID_b4fac80db,0.5 0.5 0.5 0.0 0.0 0.0 1.0
ID_37f719b40,0.5 0.5 0.5 0.0 0.0 0.0 1.0
ID_0c0556795,0.5 0.5 0.5 0.0 0.0 0.0 1.0
ID_087f2a3e6,0.5 0.5 0.5 0.0 0.0 0.0 1.0
ID_90b99dfc4,0.5 0.5 0.5 0.0 0.0 0.0 1.0
ID_a290e49f6,0.5 0.5 0.5 0.0 0.0 0.0 1.0
ID_fd327eda5,0.5 0.5 0.5 0.0 0.0 0.0 1.0
ID_2f6cb2831,0.5 0.5 0.5 0.0 0.0 0.0 1.0
ID_6afb114ca,0.5 0.5 0.5 0.0 0.0 0.0 1.0
ID_a1c6ea118,0.5 0.5 0.5 0.0 0.0 0.0 1.0
ID_fc0a4521d,0.5 0.5 0.5 0.0 0.0 0.0 1.0
ID_03b9f25ed,0.5 0.5 0.5 0.0 0.0 0.0 1.0
ID_2b2313133,0.5 0.5 0.5 0.0 0.0 0.0 1.0
ID_6fa9b1041,0.5 0.5 0.5 0.0 0.0 0.0 1.0
ID_d91f88b78,0.5 0.5 0.5 0.0 0.0 0.0 1.0
ID_27a06de4e,0.5 0.5 0.5 0.0 0.0 0.0 1.0
ID_5d47ed93a,0.5 0.5 0.5 0.0 0.0 0.0 1.0
ID_9dc2757ab,0.5 0.5 0.5 0.0 0.0 0.0 1.0
ID_870f6c6fc,0.5 0.5 0.5 0.0 0.0 0.0 1.0
ID_54422a69d,0.5 0.5 0.5 0.0 0.0 0.0 1.0
ID_98c884f58,0.5 0.5 0.5 0.0 0.0 0.0 1.0
ID_48afb9035,0.5 0.5 0.5 0.0 0.0 0.0 1.0
ID_44dbd766d,0.5 0.5 0.5 0.0 0.0 0.0 1.0
ID_77c628427,0.5 0.5 0.5 0.0 0.0 0.0 1.0
ID_7ca3033db,0.5 0.5 0.5 0.0 0.0 0.0 1.0
ID_171f6a155,0.5 0.5 0.5 0.0 0.0 0.0 1.0
ID_ccb8e65d7,0.5 0.5 0.5 0.0 0.0 0.0 1.0
ID_a39d0e293,0.5 0.5 0.5 0.0 0.0 0.0 1.0
ID_92cb530d0,0.5 0.5 0.5 0.0 0.0 0.0 1.0
ID_8c06e4f34,0.5 0.5 0.5 0.0 0.0 0.0 1.0
ID_e5d55f07e,0.5 0.5 0.5 0.0 0.0 0.0 1.0
ID_01e6e5f61,0.5 0.5 0.5 0.0 0.0 0.0 1.0
ID_d747f33c5,0.5 0.5 0.5 0.0 0.0 0.0 1.0
ID_60da5e2fe,0.5 0.5 0.5 0.0 0.0 0.0 1.0
ID_f5397cf26,0.5 0.5 0.5 0.0 0.0 0.0 1.0
ID_f8f8494fd,0.5 0.5 0.5 0.0 0.0 0.0 1.0
ID_0cce6dccf,0.5 0.5 0.5 0.0 0.0 0.0 1.0
ID_691af1823,0.5 0.5 0.5 0.0 0.0 0.0 1.0
ID_4762f93a8,0.5 0.5 0.5 0.0 0.0 0.0 1.0
ID_f74016a79,0.5 0.5 0.5 0.0 0.0 0.0 1.0
ID_a35829c01,0.5 0.5 0.5 0.0 0.0 0.0 1.0
ID_8946db3b0,0.5 0.5 0.5 0.0 0.0 0.0 1.0
ID_a24192756,0.5 0.5 0.5 0.0 0.0 0.0 1.0
ID_825ea5fa0,0.5 0.5 0.5 0.0 0.0 0.0 1.0
ID_bf0bc6e96,0.5 0.5 0.5 0.0 0.0 0.0 1.0
ID_8c41d998f,0.5 0.5 0.5 0.0 0.0 0.0 1.0
ID_53ba3cc0e,0.5 0.5 0.5 0.0 0.0 0.0 1.0
ID_c2f3d7f26,0.5 0.5 0.5 0.0 0.0 0.0 1.0
ID_9260b221e,0.5 0.5 0.5 0.0 0.0 0.0 1.0
ID_d4bdfc121,0.5 0.5 0.5 0.0 0.0 0.0 1.0
ID_c12975562,0.5 0.5 0.5 0.0 0.0 0.0 1.0
ID_bb3a046ac,0.5 0.5 0.5 0.0 0.0 0.0 1.0
ID_4a8ca2b1d,0.5 0.5 0.5 0.0 0.0 0.0 1.0
ID_8f55c8eac,0.5 0.5 0.5 0.0 0.0 0.0 1.0
ID_407f09af6,0.5 0.5 0.5 0.0 0.0 0.0 1.0
ID_7674135e6,0.5 0.5 0.5 0.0 0.0 0.0 1.0
ID_c3359ad1e,0.5 0.5 0.5 0.0 0.0 0.0 1.0
ID_6bacc6d59,0.5 0.5 0.5 0.0 0.0 0.0 1.0
ID_976aed64a,0.5 0.5 0.5 0.0 0.0 0.0 1.0
ID_0a2bfdb9a,0.5 0.5 0.5 0.0 0.0 0.0 1.0
ID_c2dd33a28,0.5 0.5 0.5 0.0 0.0 0.0 1.0
ID_afe3da2d6,0.5 0.5 0.5 0.0 0.0 0.0 1.0
ID_63fe3fe12,0.5 0.5 0.5 0.0 0.0 0.0 1.0
ID_9a448a003,0.5 0.5 0.5 0.0 0.0 0.0 1.0
ID_31648f487,0.5 0.5 0.5 0.0 0.0 0.0 1.0
ID_992bb2856,0.5 0.5 0.5 0.0 0.0 0.0 1.0
ID_29b217870,0.5 0.5 0.5 0.0 0.0 0.0 1.0
ID_5f55b77e0,0.5 0.5 0.5 0.0 0.0 0.0 1.0
ID_403426e8c,0.5 0.5 0.5 0.0 0.0 0.0 1.0
ID_8b3b68fef,0.5 0.5 0.5 0.0 0.0 0.0 1.0
ID_1237c9b36,0.5 0.5 0.5 0.0 0.0 0.0 1.0
ID_bb47da0cb,0.5 0.5 0.5 0.0 0.0 0.0 1.0
ID_13711a2f0,0.5 0.5 0.5 0.0 0.0 0.0 1.0
ID_d76fc1c1b,0.5 0.5 0.5 0.0 0.0 0.0 1.0
ID_4bd3cf5cb,0.5 0.5 0.5 0.0 0.0 0.0 1.0
ID_09dcbed35,0.5 0.5 0.5 0.0 0.0 0.0 1.0
ID_a2bf6c87f,0.5 0.5 0.5 0.0 0.0 0.0 1.0
ID_5f1b9b863,0.5 0.5 0.5 0.0 0.0 0.0 1.0
ID_844562038,0.5 0.5 0.5 0.0 0.0 0.0 1.0
ID_6685877f9,0.5 0.5 0.5 0.0 0.0 0.0 1.0
ID_56556bef9,0.5 0.5 0.5 0.0 0.0 0.0 1.0
ID_a3c3f84ca,0.5 0.5 0.5 0.0 0.0 0.0 1.0
ID_5bf531cf3,0.5 0.5 0.5 0.0 0.0 0.0 1.0
ID_16ce4c335,0.5 0.5 0.5 0.0 0.0 0.0 1.0
ID_12c2db5a6,0.5 0.5 0.5 0.0 0.0 0.0 1.0
ID_bb2d927e7,0.5 0.5 0.5 0.0 0.0 0.0 1.0
ID_f0619168a,0.5 0.5 0.5 0.0 0.0 0.0 1.0
ID_fd33f6ce6,0.5 0.5 0.5 0.0 0.0 0.0 1.0
ID_a31a23a08,0.5 0.5 0.5 0.0 0.0 0.0 1.0
ID_91148c4da,0.5 0.5 0.5 0.0 0.0 0.0 1.0
ID_8214bcbe1,0.5 0.5 0.5 0.0 0.0 0.0 1.0
ID_f274e217a,0.5 0.5 0.5 0.0 0.0 0.0 1.0
ID_ba23c72ed,0.5 0.5 0.5 0.0 0.0 0.0 1.0
ID_c3207e7e7,0.5 0.5 0.5 0.0 0.0 0.0 1.0
ID_b115fda4a,0.5 0.5 0.5 0.0 0.0 0.0 1.0
ID_e6230af6b,0.5 0.5 0.5 0.0 0.0 0.0 1.0
ID_365fdd90b,0.5 0.5 0.5 0.0 0.0 0.0 1.0
ID_c79da4fac,0.5 0.5 0.5 0.0 0.0 0.0 1.0
ID_823cf7102,0.5 0.5 0.5 0.0 0.0 0.0 1.0
ID_429b0b0d8,0.5 0.5 0.5 0.0 0.0 0.0 1.0
ID_a8e9534f6,0.5 0.5 0.5 0.0 0.0 0.0 1.0
ID_330aa32cd,0.5 0.5 0.5 0.0 0.0 0.0 1.0
ID_c72cf782f,0.5 0.5 0.5 0.0 0.0 0.0 1.0
ID_455aec7ee,0.5 0.5 0.5 0.0 0.0 0.0 1.0
ID_35ce2b891,0.5 0.5 0.5 0.0 0.0 0.0 1.0
ID_03a172848,0.5 0.5 0.5 0.0 0.0 0.0 1.0
ID_7d52ccf8d,0.5 0.5 0.5 0.0 0.0 0.0 1.0
ID_ad80edb3a,0.5 0.5 0.5 0.0 0.0 0.0 1.0
ID_9424d088e,0.5 0.5 0.5 0.0 0.0 0.0 1.0
ID_17f1cf322,0.5 0.5 0.5 0.0 0.0 0.0 1.0
ID_ad60837c5,0.5 0.5 0.5 0.0 0.0 0.0 1.0
ID_3f656ca6d,0.5 0.5 0.5 0.0 0.0 0.0 1.0
ID_671a0460f,0.5 0.5 0.5 0.0 0.0 0.0 1.0
ID_68bd5e98c,0.5 0.5 0.5 0.0 0.0 0.0 1.0
ID_e83340a93,0.5 0.5 0.5 0.0 0.0 0.0 1.0
ID_e4c20ad87,0.5 0.5 0.5 0.0 0.0 0.0 1.0
ID_44332e53f,0.5 0.5 0.5 0.0 0.0 0.0 1.0
ID_f49c30b08,0.5 0.5 0.5 0.0 0.0 0.0 1.0
ID_0959203a3,0.5 0.5 0.5 0.0 0.0 0.0 1.0
ID_516be7301,0.5 0.5 0.5 0.0 0.0 0.0 1.0
ID_70bad35bb,0.5 0.5 0.5 0.0 0.0 0.0 1.0
ID_d6559d342,0.5 0.5 0.5 0.0 0.0 0.0 1.0
ID_964fc3684,0.5 0.5 0.5 0.0 0.0 0.0 1.0
ID_adff994c1,0.5 0.5 0.5 0.0 0.0 0.0 1.0
ID_c52fdb94d,0.5 0.5 0.5 0.0 0.0 0.0 1.0
ID_adfc67064,0.5 0.5 0.5 0.0 0.0 0.0 1.0
ID_fe43db9a4,0.5 0.5 0.5 0.0 0.0 0.0 1.0
ID_e25c4431b,0.5 0.5 0.5 0.0 0.0 0.0 1.0
ID_fc665d150,0.5 0.5 0.5 0.0 0.0 0.0 1.0
ID_4f6fbc500,0.5 0.5 0.5 0.0 0.0 0.0 1.0
ID_d5b4d3b61,0.5 0.5 0.5 0.0 0.0 0.0 1.0
ID_7ee822235,0.5 0.5 0.5 0.0 0.0 0.0 1.0
ID_62cc61580,0.5 0.5 0.5 0.0 0.0 0.0 1.0
ID_0d4607350,0.5 0.5 0.5 0.0 0.0 0.0 1.0
ID_47027e377,0.5 0.5 0.5 0.0 0.0 0.0 1.0
ID_283155e74,0.5 0.5 0.5 0.0 0.0 0.0 1.0
ID_89832cca5,0.5 0.5 0.5 0.0 0.0 0.0 1.0
ID_90863e720,0.5 0.5 0.5 0.0 0.0 0.0 1.0
ID_fe6192b6f,0.5 0.5 0.5 0.0 0.0 0.0 1.0
ID_fc52e405e,0.5 0.5 0.5 0.0 0.0 0.0 1.0
ID_ec7bc7d9f,0.5 0.5 0.5 0.0 0.0 0.0 1.0
ID_6c3f63711,0.5 0.5 0.5 0.0 0.0 0.0 1.0
ID_d3553379c,0.5 0.5 0.5 0.0 0.0 0.0 1.0
ID_2ad24a161,0.5 0.5 0.5 0.0 0.0 0.0 1.0
ID_1185d1ac2,0.5 0.5 0.5 0.0 0.0 0.0 1.0
ID_c4aa94f38,0.5 0.5 0.5 0.0 0.0 0.0 1.0
ID_d89a69153,0.5 0.5 0.5 0.0 0.0 0.0 1.0
ID_f5ca2b756,0.5 0.5 0.5 0.0 0.0 0.0 1.0
ID_5c7a12bd9,0.5 0.5 0.5 0.0 0.0 0.0 1.0
ID_820aeebac,0.5 0.5 0.5 0.0 0.0 0.0 1.0
ID_24a0524e4,0.5 0.5 0.5 0.0 0.0 0.0 1.0
ID_1a050c9a4,0.5 0.5 0.5 0.0 0.0 0.0 1.0
ID_7fd8f1ea2,0.5 0.5 0.5 0.0 0.0 0.0 1.0
ID_9ead77848,0.5 0.5 0.5 0.0 0.0 0.0 1.0
ID_c852b234f,0.5 0.5 0.5 0.0 0.0 0.0 1.0
ID_5d537a76b,0.5 0.5 0.5 0.0 0.0 0.0 1.0
ID_1471e5b4e,0.5 0.5 0.5 0.0 0.0 0.0 1.0
ID_ad6c71619,0.5 0.5 0.5 0.0 0.0 0.0 1.0
ID_7e20381e4,0.5 0.5 0.5 0.0 0.0 0.0 1.0
ID_62b5f21c2,0.5 0.5 0.5 0.0 0.0 0.0 1.0
ID_221fd5a77,0.5 0.5 0.5 0.0 0.0 0.0 1.0
ID_cdcfdd05e,0.5 0.5 0.5 0.0 0.0 0.0 1.0
ID_8106fec48,0.5 0.5 0.5 0.0 0.0 0.0 1.0
ID_09a5cd382,0.5 0.5 0.5 0.0 0.0 0.0 1.0
ID_fe4be498c,0.5 0.5 0.5 0.0 0.0 0.0 1.0
ID_6983d355e,0.5 0.5 0.5 0.0 0.0 0.0 1.0
ID_6a41db187,0.5 0.5 0.5 0.0 0.0 0.0 1.0
ID_84eca4095,0.5 0.5 0.5 0.0 0.0 0.0 1.0
ID_28201f499,0.5 0.5 0.5 0.0 0.0 0.0 1.0
ID_5ba1f9a06,0.5 0.5 0.5 0.0 0.0 0.0 1.0
ID_4005559ba,0.5 0.5 0.5 0.0 0.0 0.0 1.0
ID_34c75c09c,0.5 0.5 0.5 0.0 0.0 0.0 1.0
ID_58dd12eab,0.5 0.5 0.5 0.0 0.0 0.0 1.0
ID_fbc00b4be,0.5 0.5 0.5 0.0 0.0 0.0 1.0
ID_5f0ac92e1,0.5 0.5 0.5 0.0 0.0 0.0 1.0
ID_48c276cd2,0.5 0.5 0.5 0.0 0.0 0.0 1.0
ID_fec6066ea,0.5 0.5 0.5 0.0 0.0 0.0 1.0
ID_429b79cb8,0.5 0.5 0.5 0.0 0.0 0.0 1.0
ID_a6d76c916,0.5 0.5 0.5 0.0 0.0 0.0 1.0
ID_86ee8a4ad,0.5 0.5 0.5 0.0 0.0 0.0 1.0
ID_4f7f35001,0.5 0.5 0.5 0.0 0.0 0.0 1.0
ID_4f90bb1cd,0.5 0.5 0.5 0.0 0.0 0.0 1.0
ID_4d4fcfee1,0.5 0.5 0.5 0.0 0.0 0.0 1.0
ID_d118c9406,0.5 0.5 0.5 0.0 0.0 0.0 1.0
ID_77034acc4,0.5 0.5 0.5 0.0 0.0 0.0 1.0
ID_74637336d,0.5 0.5 0.5 0.0 0.0 0.0 1.0
ID_df27a3d9f,0.5 0.5 0.5 0.0 0.0 0.0 1.0
ID_c43bc50bf,0.5 0.5 0.5 0.0 0.0 0.0 1.0
ID_3be754b96,0.5 0.5 0.5 0.0 0.0 0.0 1.0
ID_55aecfdb3,0.5 0.5 0.5 0.0 0.0 0.0 1.0
ID_4b15e1d26,0.5 0.5 0.5 0.0 0.0 0.0 1.0
ID_e0dade8b7,0.5 0.5 0.5 0.0 0.0 0.0 1.0
ID_a6ed522c4,0.5 0.5 0.5 0.0 0.0 0.0 1.0
ID_9d71e4df1,0.5 0.5 0.5 0.0 0.0 0.0 1.0
ID_70e099cbb,0.5 0.5 0.5 0.0 0.0 0.0 1.0
ID_d0500b752,0.5 0.5 0.5 0.0 0.0 0.0 1.0
ID_aa9ac58f0,0.5 0.5 0.5 0.0 0.0 0.0 1.0
ID_ed7099f4a,0.5 0.5 0.5 0.0 0.0 0.0 1.0
ID_82dd30987,0.5 0.5 0.5 0.0 0.0 0.0 1.0
ID_fb66fca19,0.5 0.5 0.5 0.0 0.0 0.0 1.0
ID_539f86a33,0.5 0.5 0.5 0.0 0.0 0.0 1.0
ID_c24f9b62a,0.5 0.5 0.5 0.0 0.0 0.0 1.0
ID_0e94bf0f1,0.5 0.5 0.5 0.0 0.0 0.0 1.0
ID_8d54bc96e,0.5 0.5 0.5 0.0 0.0 0.0 1.0
ID_1b57b2ae8,0.5 0.5 0.5 0.0 0.0 0.0 1.0
ID_7d30a96a2,0.5 0.5 0.5 0.0 0.0 0.0 1.0
ID_0f750096e,0.5 0.5 0.5 0.0 0.0 0.0 1.0
ID_cc7fcc97c,0.5 0.5 0.5 0.0 0.0 0.0 1.0
ID_004929246,0.5 0.5 0.5 0.0 0.0 0.0 1.0
ID_8f62397d2,0.5 0.5 0.5 0.0 0.0 0.0 1.0
ID_38cc750be,0.5 0.5 0.5 0.0 0.0 0.0 1.0
ID_0be37a712,0.5 0.5 0.5 0.0 0.0 0.0 1.0
ID_96b03c14f,0.5 0.5 0.5 0.0 0.0 0.0 1.0
ID_8f650df12,0.5 0.5 0.5 0.0 0.0 0.0 1.0
ID_749dd81be,0.5 0.5 0.5 0.0 0.0 0.0 1.0
ID_eef259b88,0.5 0.5 0.5 0.0 0.0 0.0 1.0
ID_0dc2e8398,0.5 0.5 0.5 0.0 0.0 0.0 1.0
ID_01f684f60,0.5 0.5 0.5 0.0 0.0 0.0 1.0
ID_b516248f9,0.5 0.5 0.5 0.0 0.0 0.0 1.0
ID_3530aa1e3,0.5 0.5 0.5 0.0 0.0 0.0 1.0
ID_56490ecde,0.5 0.5 0.5 0.0 0.0 0.0 1.0
ID_637187fa7,0.5 0.5 0.5 0.0 0.0 0.0 1.0
ID_5536745f7,0.5 0.5 0.5 0.0 0.0 0.0 1.0
ID_b185c63d9,0.5 0.5 0.5 0.0 0.0 0.0 1.0
ID_946516fee,0.5 0.5 0.5 0.0 0.0 0.0 1.0
ID_7c632875b,0.5 0.5 0.5 0.0 0.0 0.0 1.0
ID_5aa151a8e,0.5 0.5 0.5 0.0 0.0 0.0 1.0
ID_1d93f3aec,0.5 0.5 0.5 0.0 0.0 0.0 1.0
ID_5a9ecd61c,0.5 0.5 0.5 0.0 0.0 0.0 1.0
ID_425525a94,0.5 0.5 0.5 0.0 0.0 0.0 1.0
ID_e83dd7c22,0.5 0.5 0.5 0.0 0.0 0.0 1.0
ID_9d15b8018,0.5 0.5 0.5 0.0 0.0 0.0 1.0
ID_6066f0b19,0.5 0.5 0.5 0.0 0.0 0.0 1.0
ID_07dd270a2,0.5 0.5 0.5 0.0 0.0 0.0 1.0
ID_8911fe487,0.5 0.5 0.5 0.0 0.0 0.0 1.0
ID_762c5ad33,0.5 0.5 0.5 0.0 0.0 0.0 1.0
ID_cb0fab83e,0.5 0.5 0.5 0.0 0.0 0.0 1.0
ID_1a98bddaf,0.5 0.5 0.5 0.0 0.0 0.0 1.0
ID_eb6f8b9ad,0.5 0.5 0.5 0.0 0.0 0.0 1.0
ID_f86051ab9,0.5 0.5 0.5 0.0 0.0 0.0 1.0
ID_07bfb48c8,0.5 0.5 0.5 0.0 0.0 0.0 1.0
ID_a02d396e1,0.5 0.5 0.5 0.0 0.0 0.0 1.0
ID_56aa45356,0.5 0.5 0.5 0.0 0.0 0.0 1.0
ID_95749b42d,0.5 0.5 0.5 0.0 0.0 0.0 1.0
ID_b8696f11f,0.5 0.5 0.5 0.0 0.0 0.0 1.0
ID_6bef34bc5,0.5 0.5 0.5 0.0 0.0 0.0 1.0
ID_2642d15c4,0.5 0.5 0.5 0.0 0.0 0.0 1.0
ID_bbb876c0c,0.5 0.5 0.5 0.0 0.0 0.0 1.0
ID_208fdb4f1,0.5 0.5 0.5 0.0 0.0 0.0 1.0
ID_b6a8342f5,0.5 0.5 0.5 0.0 0.0 0.0 1.0
ID_0da296db9,0.5 0.5 0.5 0.0 0.0 0.0 1.0
ID_bf3fda403,0.5 0.5 0.5 0.0 0.0 0.0 1.0
ID_7ea33059b,0.5 0.5 0.5 0.0 0.0 0.0 1.0
ID_9a3ad7548,0.5 0.5 0.5 0.0 0.0 0.0 1.0
ID_0de1c84bf,0.5 0.5 0.5 0.0 0.0 0.0 1.0
ID_7b3f20528,0.5 0.5 0.5 0.0 0.0 0.0 1.0
ID_43b9f671e,0.5 0.5 0.5 0.0 0.0 0.0 1.0
ID_4e6e8988c,0.5 0.5 0.5 0.0 0.0 0.0 1.0
ID_119e86054,0.5 0.5 0.5 0.0 0.0 0.0 1.0
ID_ba9cebfed,0.5 0.5 0.5 0.0 0.0 0.0 1.0
ID_17b7c91d1,0.5 0.5 0.5 0.0 0.0 0.0 1.0
ID_a10af874b,0.5 0.5 0.5 0.0 0.0 0.0 1.0
ID_2e24dd0ea,0.5 0.5 0.5 0.0 0.0 0.0 1.0
ID_21182392b,0.5 0.5 0.5 0.0 0.0 0.0 1.0
ID_60053d9f1,0.5 0.5 0.5 0.0 0.0 0.0 1.0
ID_0a65a870b,0.5 0.5 0.5 0.0 0.0 0.0 1.0
ID_db02df321,0.5 0.5 0.5 0.0 0.0 0.0 1.0
ID_32ef9d037,0.5 0.5 0.5 0.0 0.0 0.0 1.0
ID_0eb19ef56,0.5 0.5 0.5 0.0 0.0 0.0 1.0
ID_53f99277d,0.5 0.5 0.5 0.0 0.0 0.0 1.0
ID_67d1a02d3,0.5 0.5 0.5 0.0 0.0 0.0 1.0
ID_b4173be9d,0.5 0.5 0.5 0.0 0.0 0.0 1.0
ID_eba36bfa3,0.5 0.5 0.5 0.0 0.0 0.0 1.0
ID_ff0581194,0.5 0.5 0.5 0.0 0.0 0.0 1.0
ID_2857b8ea6,0.5 0.5 0.5 0.0 0.0 0.0 1.0
ID_9378a4e3a,0.5 0.5 0.5 0.0 0.0 0.0 1.0
ID_2eef26c90,0.5 0.5 0.5 0.0 0.0 0.0 1.0
ID_436e63df9,0.5 0.5 0.5 0.0 0.0 0.0 1.0
ID_ca5547f69,0.5 0.5 0.5 0.0 0.0 0.0 1.0
ID_fa3aa6fd1,0.5 0.5 0.5 0.0 0.0 0.0 1.0
ID_3dc4f675f,0.5 0.5 0.5 0.0 0.0 0.0 1.0
ID_eac0913ae,0.5 0.5 0.5 0.0 0.0 0.0 1.0
ID_0b29affda,0.5 0.5 0.5 0.0 0.0 0.0 1.0
ID_a60789000,0.5 0.5 0.5 0.0 0.0 0.0 1.0
ID_a79911de6,0.5 0.5 0.5 0.0 0.0 0.0 1.0
ID_2db9374f6,0.5 0.5 0.5 0.0 0.0 0.0 1.0
ID_1507d7fed,0.5 0.5 0.5 0.0 0.0 0.0 1.0
ID_d66dd550e,0.5 0.5 0.5 0.0 0.0 0.0 1.0
ID_42029811a,0.5 0.5 0.5 0.0 0.0 0.0 1.0
ID_4dfabddb8,0.5 0.5 0.5 0.0 0.0 0.0 1.0
ID_cc59c85b0,0.5 0.5 0.5 0.0 0.0 0.0 1.0
ID_fac3e4d9b,0.5 0.5 0.5 0.0 0.0 0.0 1.0
ID_dcf377724,0.5 0.5 0.5 0.0 0.0 0.0 1.0
ID_2926e5057,0.5 0.5 0.5 0.0 0.0 0.0 1.0
ID_ad9c6dfef,0.5 0.5 0.5 0.0 0.0 0.0 1.0
ID_9609909b4,0.5 0.5 0.5 0.0 0.0 0.0 1.0
ID_56b71ceb1,0.5 0.5 0.5 0.0 0.0 0.0 1.0
ID_5a026eee4,0.5 0.5 0.5 0.0 0.0 0.0 1.0
ID_5e0346b07,0.5 0.5 0.5 0.0 0.0 0.0 1.0
ID_4f6c7febb,0.5 0.5 0.5 0.0 0.0 0.0 1.0
ID_4fcec0f22,0.5 0.5 0.5 0.0 0.0 0.0 1.0
ID_d13a289c5,0.5 0.5 0.5 0.0 0.0 0.0 1.0
ID_68cac1a08,0.5 0.5 0.5 0.0 0.0 0.0 1.0
ID_ff59071ee,0.5 0.5 0.5 0.0 0.0 0.0 1.0
ID_f1c847bb8,0.5 0.5 0.5 0.0 0.0 0.0 1.0
ID_003124d34,0.5 0.5 0.5 0.0 0.0 0.0 1.0
ID_066206363,0.5 0.5 0.5 0.0 0.0 0.0 1.0
ID_c13089a9f,0.5 0.5 0.5 0.0 0.0 0.0 1.0
ID_3efc45e8d,0.5 0.5 0.5 0.0 0.0 0.0 1.0
ID_8b12b8a6d,0.5 0.5 0.5 0.0 0.0 0.0 1.0
ID_d717094d5,0.5 0.5 0.5 0.0 0.0 0.0 1.0
ID_ec91c502b,0.5 0.5 0.5 0.0 0.0 0.0 1.0
ID_532b9ab6a,0.5 0.5 0.5 0.0 0.0 0.0 1.0
ID_e0af35c70,0.5 0.5 0.5 0.0 0.0 0.0 1.0
ID_27864489f,0.5 0.5 0.5 0.0 0.0 0.0 1.0
ID_0cf32c30b,0.5 0.5 0.5 0.0 0.0 0.0 1.0
ID_487b02459,0.5 0.5 0.5 0.0 0.0 0.0 1.0
ID_9070c36da,0.5 0.5 0.5 0.0 0.0 0.0 1.0
ID_33b7f5ebf,0.5 0.5 0.5 0.0 0.0 0.0 1.0
ID_69f7ed595,0.5 0.5 0.5 0.0 0.0 0.0 1.0
ID_141c2d5b0,0.5 0.5 0.5 0.0 0.0 0.0 1.0
ID_68ea93a4f,0.5 0.5 0.5 0.0 0.0 0.0 1.0
ID_16f53c320,0.5 0.5 0.5 0.0 0.0 0.0 1.0
ID_d7e6c30db,0.5 0.5 0.5 0.0 0.0 0.0 1.0
ID_73dd6c2c2,0.5 0.5 0.5 0.0 0.0 0.0 1.0
ID_b1f159797,0.5 0.5 0.5 0.0 0.0 0.0 1.0
ID_ab7e62be2,0.5 0.5 0.5 0.0 0.0 0.0 1.0
ID_8ab6ab023,0.5 0.5 0.5 0.0 0.0 0.0 1.0
ID_31774a362,0.5 0.5 0.5 0.0 0.0 0.0 1.0
ID_2eeeeefdd,0.5 0.5 0.5 0.0 0.0 0.0 1.0
ID_c07573fac,0.5 0.5 0.5 0.0 0.0 0.0 1.0
ID_2544adab9,0.5 0.5 0.5 0.0 0.0 0.0 1.0
ID_fccba8320,0.5 0.5 0.5 0.0 0.0 0.0 1.0
ID_824c5508b,0.5 0.5 0.5 0.0 0.0 0.0 1.0
ID_b3cde2907,0.5 0.5 0.5 0.0 0.0 0.0 1.0
ID_d39b79a4a,0.5 0.5 0.5 0.0 0.0 0.0 1.0
ID_2a722d033,0.5 0.5 0.5 0.0 0.0 0.0 1.0
ID_a9c706793,0.5 0.5 0.5 0.0 0.0 0.0 1.0
ID_9c7230d03,0.5 0.5 0.5 0.0 0.0 0.0 1.0
ID_4e2299ca1,0.5 0.5 0.5 0.0 0.0 0.0 1.0
ID_5d81aa61f,0.5 0.5 0.5 0.0 0.0 0.0 1.0
ID_a6531c888,0.5 0.5 0.5 0.0 0.0 0.0 1.0
ID_8ccffa2d4,0.5 0.5 0.5 0.0 0.0 0.0 1.0
ID_d3db7508c,0.5 0.5 0.5 0.0 0.0 0.0 1.0
ID_739748c51,0.5 0.5 0.5 0.0 0.0 0.0 1.0
ID_d98d5aab5,0.5 0.5 0.5 0.0 0.0 0.0 1.0
ID_2ba1df0d1,0.5 0.5 0.5 0.0 0.0 0.0 1.0
ID_1d7bc9b31,0.5 0.5 0.5 0.0 0.0 0.0 1.0
ID_cf0d600dc,0.5 0.5 0.5 0.0 0.0 0.0 1.0
ID_77d476920,0.5 0.5 0.5 0.0 0.0 0.0 1.0
ID_c7d8f9e70,0.5 0.5 0.5 0.0 0.0 0.0 1.0
ID_d12bc2971,0.5 0.5 0.5 0.0 0.0 0.0 1.0
ID_2db7f483c,0.5 0.5 0.5 0.0 0.0 0.0 1.0
ID_aa1f3b2a8,0.5 0.5 0.5 0.0 0.0 0.0 1.0
ID_0f891f5da,0.5 0.5 0.5 0.0 0.0 0.0 1.0
ID_cdd4cd343,0.5 0.5 0.5 0.0 0.0 0.0 1.0
ID_18df29518,0.5 0.5 0.5 0.0 0.0 0.0 1.0
ID_d689b6be3,0.5 0.5 0.5 0.0 0.0 0.0 1.0
ID_535632864,0.5 0.5 0.5 0.0 0.0 0.0 1.0
ID_02be9b28f,0.5 0.5 0.5 0.0 0.0 0.0 1.0
ID_3b8e0cebf,0.5 0.5 0.5 0.0 0.0 0.0 1.0
ID_9ca0fe74c,0.5 0.5 0.5 0.0 0.0 0.0 1.0
ID_ecd102ba2,0.5 0.5 0.5 0.0 0.0 0.0 1.0
ID_39ac05831,0.5 0.5 0.5 0.0 0.0 0.0 1.0
ID_6d83418d9,0.5 0.5 0.5 0.0 0.0 0.0 1.0
ID_6007054a3,0.5 0.5 0.5 0.0 0.0 0.0 1.0
ID_e745e866e,0.5 0.5 0.5 0.0 0.0 0.0 1.0
ID_335eb3614,0.5 0.5 0.5 0.0 0.0 0.0 1.0
ID_fbc5f5337,0.5 0.5 0.5 0.0 0.0 0.0 1.0
ID_82eb7363f,0.5 0.5 0.5 0.0 0.0 0.0 1.0
ID_f74dcaa3d,0.5 0.5 0.5 0.0 0.0 0.0 1.0
ID_7a3c3d759,0.5 0.5 0.5 0.0 0.0 0.0 1.0
ID_ba7472077,0.5 0.5 0.5 0.0 0.0 0.0 1.0
ID_f49fe9785,0.5 0.5 0.5 0.0 0.0 0.0 1.0
ID_b5d2312fa,0.5 0.5 0.5 0.0 0.0 0.0 1.0
ID_67cfe71de,0.5 0.5 0.5 0.0 0.0 0.0 1.0
ID_3472077f4,0.5 0.5 0.5 0.0 0.0 0.0 1.0
ID_141add734,0.5 0.5 0.5 0.0 0.0 0.0 1.0
ID_dd7c3f651,0.5 0.5 0.5 0.0 0.0 0.0 1.0
ID_166abd5bd,0.5 0.5 0.5 0.0 0.0 0.0 1.0
ID_004969cd0,0.5 0.5 0.5 0.0 0.0 0.0 1.0
ID_970b55d04,0.5 0.5 0.5 0.0 0.0 0.0 1.0
ID_c97b9c7da,0.5 0.5 0.5 0.0 0.0 0.0 1.0
ID_b832b9342,0.5 0.5 0.5 0.0 0.0 0.0 1.0
ID_579f08a7c,0.5 0.5 0.5 0.0 0.0 0.0 1.0
ID_18d30e4b0,0.5 0.5 0.5 0.0 0.0 0.0 1.0
ID_e00335803,0.5 0.5 0.5 0.0 0.0 0.0 1.0
ID_1b2a2972f,0.5 0.5 0.5 0.0 0.0 0.0 1.0
ID_b631bd0d0,0.5 0.5 0.5 0.0 0.0 0.0 1.0
ID_913bc2780,0.5 0.5 0.5 0.0 0.0 0.0 1.0
ID_dd217041d,0.5 0.5 0.5 0.0 0.0 0.0 1.0
ID_5dd35b34d,0.5 0.5 0.5 0.0 0.0 0.0 1.0
ID_e88a8e773,0.5 0.5 0.5 0.0 0.0 0.0 1.0
ID_147b6fa78,0.5 0.5 0.5 0.0 0.0 0.0 1.0
ID_eb6277bc4,0.5 0.5 0.5 0.0 0.0 0.0 1.0
ID_3805aad9c,0.5 0.5 0.5 0.0 0.0 0.0 1.0
ID_d35b1592f,0.5 0.5 0.5 0.0 0.0 0.0 1.0
ID_7f2b823bf,0.5 0.5 0.5 0.0 0.0 0.0 1.0
ID_1bc9a969a,0.5 0.5 0.5 0.0 0.0 0.0 1.0
ID_71ecf3475,0.5 0.5 0.5 0.0 0.0 0.0 1.0
ID_ebbcc7b0d,0.5 0.5 0.5 0.0 0.0 0.0 1.0
ID_3ea32eddd,0.5 0.5 0.5 0.0 0.0 0.0 1.0
ID_f2cf1f092,0.5 0.5 0.5 0.0 0.0 0.0 1.0
ID_c58716272,0.5 0.5 0.5 0.0 0.0 0.0 1.0
ID_7a2ba4d42,0.5 0.5 0.5 0.0 0.0 0.0 1.0
ID_8616bcf80,0.5 0.5 0.5 0.0 0.0 0.0 1.0
ID_22e133dfb,0.5 0.5 0.5 0.0 0.0 0.0 1.0
ID_7104008f0,0.5 0.5 0.5 0.0 0.0 0.0 1.0
ID_0cd272a2b,0.5 0.5 0.5 0.0 0.0 0.0 1.0
ID_e20b6f2fa,0.5 0.5 0.5 0.0 0.0 0.0 1.0
ID_7a31370db,0.5 0.5 0.5 0.0 0.0 0.0 1.0
ID_ad46c5909,0.5 0.5 0.5 0.0 0.0 0.0 1.0
ID_9829675b2,0.5 0.5 0.5 0.0 0.0 0.0 1.0
ID_b60865ec2,0.5 0.5 0.5 0.0 0.0 0.0 1.0
ID_4437744b8,0.5 0.5 0.5 0.0 0.0 0.0 1.0
ID_844675dfd,0.5 0.5 0.5 0.0 0.0 0.0 1.0
ID_1431618c0,0.5 0.5 0.5 0.0 0.0 0.0 1.0
ID_413791500,0.5 0.5 0.5 0.0 0.0 0.0 1.0
ID_e6c722f30,0.5 0.5 0.5 0.0 0.0 0.0 1.0
ID_15429aa8c,0.5 0.5 0.5 0.0 0.0 0.0 1.0
ID_83e122062,0.5 0.5 0.5 0.0 0.0 0.0 1.0
ID_3be952634,0.5 0.5 0.5 0.0 0.0 0.0 1.0
ID_d861cd331,0.5 0.5 0.5 0.0 0.0 0.0 1.0
ID_a3ab400e1,0.5 0.5 0.5 0.0 0.0 0.0 1.0
ID_4ee22138a,0.5 0.5 0.5 0.0 0.0 0.0 1.0
ID_668de12ed,0.5 0.5 0.5 0.0 0.0 0.0 1.0
ID_49baa54f6,0.5 0.5 0.5 0.0 0.0 0.0 1.0
ID_14712350f,0.5 0.5 0.5 0.0 0.0 0.0 1.0
ID_1feb298a3,0.5 0.5 0.5 0.0 0.0 0.0 1.0
ID_d7c6457c7,0.5 0.5 0.5 0.0 0.0 0.0 1.0
ID_4df76d40d,0.5 0.5 0.5 0.0 0.0 0.0 1.0
ID_5784e6016,0.5 0.5 0.5 0.0 0.0 0.0 1.0
ID_8ebac9076,0.5 0.5 0.5 0.0 0.0 0.0 1.0
ID_b42cbe4d1,0.5 0.5 0.5 0.0 0.0 0.0 1.0
ID_7b94df971,0.5 0.5 0.5 0.0 0.0 0.0 1.0
ID_690debd8c,0.5 0.5 0.5 0.0 0.0 0.0 1.0
ID_695bb34fb,0.5 0.5 0.5 0.0 0.0 0.0 1.0
ID_fceae5248,0.5 0.5 0.5 0.0 0.0 0.0 1.0
ID_c6f55ae83,0.5 0.5 0.5 0.0 0.0 0.0 1.0
ID_6896f4e1c,0.5 0.5 0.5 0.0 0.0 0.0 1.0
ID_1f7b35f70,0.5 0.5 0.5 0.0 0.0 0.0 1.0
ID_a96ca371b,0.5 0.5 0.5 0.0 0.0 0.0 1.0
ID_67d5d5b3d,0.5 0.5 0.5 0.0 0.0 0.0 1.0
ID_6efcab358,0.5 0.5 0.5 0.0 0.0 0.0 1.0
ID_a74830061,0.5 0.5 0.5 0.0 0.0 0.0 1.0
ID_746a6c4b1,0.5 0.5 0.5 0.0 0.0 0.0 1.0
ID_b27342358,0.5 0.5 0.5 0.0 0.0 0.0 1.0
ID_059762984,0.5 0.5 0.5 0.0 0.0 0.0 1.0
ID_dcf9bade5,0.5 0.5 0.5 0.0 0.0 0.0 1.0
ID_03ee41a26,0.5 0.5 0.5 0.0 0.0 0.0 1.0
ID_c0350d6c9,0.5 0.5 0.5 0.0 0.0 0.0 1.0
ID_b220dbd99,0.5 0.5 0.5 0.0 0.0 0.0 1.0
ID_d6de55a2f,0.5 0.5 0.5 0.0 0.0 0.0 1.0
ID_9a5d86760,0.5 0.5 0.5 0.0 0.0 0.0 1.0
ID_9ceaa2eaf,0.5 0.5 0.5 0.0 0.0 0.0 1.0
ID_5df5ba264,0.5 0.5 0.5 0.0 0.0 0.0 1.0
ID_a1d73f5d5,0.5 0.5 0.5 0.0 0.0 0.0 1.0
ID_7c282ea36,0.5 0.5 0.5 0.0 0.0 0.0 1.0
ID_331eeb8d3,0.5 0.5 0.5 0.0 0.0 0.0 1.0
ID_f13d97bc5,0.5 0.5 0.5 0.0 0.0 0.0 1.0
ID_f7e1634f2,0.5 0.5 0.5 0.0 0.0 0.0 1.0
ID_cd28a4571,0.5 0.5 0.5 0.0 0.0 0.0 1.0
ID_bb38cd962,0.5 0.5 0.5 0.0 0.0 0.0 1.0
ID_98ecc2685,0.5 0.5 0.5 0.0 0.0 0.0 1.0
ID_a7b9e45b6,0.5 0.5 0.5 0.0 0.0 0.0 1.0
ID_9d92737cf,0.5 0.5 0.5 0.0 0.0 0.0 1.0
ID_0b7ce0c9b,0.5 0.5 0.5 0.0 0.0 0.0 1.0
ID_734e5b0d0,0.5 0.5 0.5 0.0 0.0 0.0 1.0
ID_b87b9d6ca,0.5 0.5 0.5 0.0 0.0 0.0 1.0
ID_6bb055c8d,0.5 0.5 0.5 0.0 0.0 0.0 1.0
ID_6071a72aa,0.5 0.5 0.5 0.0 0.0 0.0 1.0
ID_47921e3ee,0.5 0.5 0.5 0.0 0.0 0.0 1.0
ID_bdbb40970,0.5 0.5 0.5 0.0 0.0 0.0 1.0
ID_104fe076f,0.5 0.5 0.5 0.0 0.0 0.0 1.0
ID_eebac15d2,0.5 0.5 0.5 0.0 0.0 0.0 1.0
ID_42870d43f,0.5 0.5 0.5 0.0 0.0 0.0 1.0
ID_20bf412f6,0.5 0.5 0.5 0.0 0.0 0.0 1.0
ID_0855ff446,0.5 0.5 0.5 0.0 0.0 0.0 1.0
ID_6aa3a09ef,0.5 0.5 0.5 0.0 0.0 0.0 1.0
ID_44941e691,0.5 0.5 0.5 0.0 0.0 0.0 1.0
ID_1b51359a6,0.5 0.5 0.5 0.0 0.0 0.0 1.0
ID_39da1315e,0.5 0.5 0.5 0.0 0.0 0.0 1.0
ID_f64a00c44,0.5 0.5 0.5 0.0 0.0 0.0 1.0
ID_4ed1b8dae,0.5 0.5 0.5 0.0 0.0 0.0 1.0
ID_8938b9861,0.5 0.5 0.5 0.0 0.0 0.0 1.0
ID_b23872bce,0.5 0.5 0.5 0.0 0.0 0.0 1.0
ID_4445bb25a,0.5 0.5 0.5 0.0 0.0 0.0 1.0
ID_03c31fd17,0.5 0.5 0.5 0.0 0.0 0.0 1.0
ID_f8e6380ca,0.5 0.5 0.5 0.0 0.0 0.0 1.0
ID_3ac723535,0.5 0.5 0.5 0.0 0.0 0.0 1.0
ID_609643d98,0.5 0.5 0.5 0.0 0.0 0.0 1.0
ID_e2b51eb8d,0.5 0.5 0.5 0.0 0.0 0.0 1.0
ID_20e0a0074,0.5 0.5 0.5 0.0 0.0 0.0 1.0
ID_547b5cc2b,0.5 0.5 0.5 0.0 0.0 0.0 1.0
ID_85d9c28c1,0.5 0.5 0.5 0.0 0.0 0.0 1.0
ID_7df234fe6,0.5 0.5 0.5 0.0 0.0 0.0 1.0
ID_a9899c395,0.5 0.5 0.5 0.0 0.0 0.0 1.0
ID_68c414f42,0.5 0.5 0.5 0.0 0.0 0.0 1.0
ID_9f7a28def,0.5 0.5 0.5 0.0 0.0 0.0 1.0
ID_38aaf4faa,0.5 0.5 0.5 0.0 0.0 0.0 1.0
ID_ea614fe85,0.5 0.5 0.5 0.0 0.0 0.0 1.0
ID_a10d20664,0.5 0.5 0.5 0.0 0.0 0.0 1.0
ID_ccec471ef,0.5 0.5 0.5 0.0 0.0 0.0 1.0
ID_b753e614d,0.5 0.5 0.5 0.0 0.0 0.0 1.0
ID_53bf05ad0,0.5 0.5 0.5 0.0 0.0 0.0 1.0
ID_4f5062dee,0.5 0.5 0.5 0.0 0.0 0.0 1.0
ID_ba2289992,0.5 0.5 0.5 0.0 0.0 0.0 1.0
ID_5a45ed15f,0.5 0.5 0.5 0.0 0.0 0.0 1.0
ID_f10c72eef,0.5 0.5 0.5 0.0 0.0 0.0 1.0
ID_8bed52e75,0.5 0.5 0.5 0.0 0.0 0.0 1.0
ID_72c95cbd3,0.5 0.5 0.5 0.0 0.0 0.0 1.0
ID_270fbd83a,0.5 0.5 0.5 0.0 0.0 0.0 1.0
ID_b0d19422b,0.5 0.5 0.5 0.0 0.0 0.0 1.0
ID_2166109a9,0.5 0.5 0.5 0.0 0.0 0.0 1.0
ID_4660cd23e,0.5 0.5 0.5 0.0 0.0 0.0 1.0
ID_6efc61a86,0.5 0.5 0.5 0.0 0.0 0.0 1.0
ID_7a10cfdca,0.5 0.5 0.5 0.0 0.0 0.0 1.0
ID_0959d9b87,0.5 0.5 0.5 0.0 0.0 0.0 1.0
ID_48a97fa26,0.5 0.5 0.5 0.0 0.0 0.0 1.0
ID_dc9b18fc6,0.5 0.5 0.5 0.0 0.0 0.0 1.0
ID_87931b57d,0.5 0.5 0.5 0.0 0.0 0.0 1.0
ID_7f63da06e,0.5 0.5 0.5 0.0 0.0 0.0 1.0
ID_4478511f2,0.5 0.5 0.5 0.0 0.0 0.0 1.0
ID_73057805c,0.5 0.5 0.5 0.0 0.0 0.0 1.0
ID_6a5bec7af,0.5 0.5 0.5 0.0 0.0 0.0 1.0
ID_dc82b5941,0.5 0.5 0.5 0.0 0.0 0.0 1.0
ID_0d6122174,0.5 0.5 0.5 0.0 0.0 0.0 1.0
ID_c235860c0,0.5 0.5 0.5 0.0 0.0 0.0 1.0
ID_08d853358,0.5 0.5 0.5 0.0 0.0 0.0 1.0
ID_8a529aea5,0.5 0.5 0.5 0.0 0.0 0.0 1.0
ID_04d2d3981,0.5 0.5 0.5 0.0 0.0 0.0 1.0
ID_2eeb7ed3f,0.5 0.5 0.5 0.0 0.0 0.0 1.0
ID_ca0abe04b,0.5 0.5 0.5 0.0 0.0 0.0 1.0
ID_12b08e569,0.5 0.5 0.5 0.0 0.0 0.0 1.0
ID_d05c03241,0.5 0.5 0.5 0.0 0.0 0.0 1.0
ID_97c924f63,0.5 0.5 0.5 0.0 0.0 0.0 1.0
ID_a30015120,0.5 0.5 0.5 0.0 0.0 0.0 1.0
ID_f0a054bd8,0.5 0.5 0.5 0.0 0.0 0.0 1.0
ID_ef6e3c696,0.5 0.5 0.5 0.0 0.0 0.0 1.0
ID_caae8cb40,0.5 0.5 0.5 0.0 0.0 0.0 1.0
ID_df338575b,0.5 0.5 0.5 0.0 0.0 0.0 1.0
ID_349fe3d94,0.5 0.5 0.5 0.0 0.0 0.0 1.0
ID_9c18cdaa1,0.5 0.5 0.5 0.0 0.0 0.0 1.0
ID_a5204accf,0.5 0.5 0.5 0.0 0.0 0.0 1.0
ID_df7072e30,0.5 0.5 0.5 0.0 0.0 0.0 1.0
ID_53102e157,0.5 0.5 0.5 0.0 0.0 0.0 1.0
ID_1322b1753,0.5 0.5 0.5 0.0 0.0 0.0 1.0
ID_eee6ca8ec,0.5 0.5 0.5 0.0 0.0 0.0 1.0
ID_dabe14beb,0.5 0.5 0.5 0.0 0.0 0.0 1.0
ID_07aea50a4,0.5 0.5 0.5 0.0 0.0 0.0 1.0
ID_9053655f8,0.5 0.5 0.5 0.0 0.0 0.0 1.0
ID_eb97db858,0.5 0.5 0.5 0.0 0.0 0.0 1.0
ID_9ee9351a7,0.5 0.5 0.5 0.0 0.0 0.0 1.0
ID_341089a99,0.5 0.5 0.5 0.0 0.0 0.0 1.0
ID_f7f772335,0.5 0.5 0.5 0.0 0.0 0.0 1.0
ID_e6ac1c9e3,0.5 0.5 0.5 0.0 0.0 0.0 1.0
ID_0e468ee81,0.5 0.5 0.5 0.0 0.0 0.0 1.0
ID_65bfb5e46,0.5 0.5 0.5 0.0 0.0 0.0 1.0
ID_dd0f5bc25,0.5 0.5 0.5 0.0 0.0 0.0 1.0
ID_d70c2088e,0.5 0.5 0.5 0.0 0.0 0.0 1.0
ID_d07d3c752,0.5 0.5 0.5 0.0 0.0 0.0 1.0
ID_ab6b49907,0.5 0.5 0.5 0.0 0.0 0.0 1.0
ID_fb77eef2b,0.5 0.5 0.5 0.0 0.0 0.0 1.0
ID_3ef654657,0.5 0.5 0.5 0.0 0.0 0.0 1.0
ID_a7ccd4450,0.5 0.5 0.5 0.0 0.0 0.0 1.0
ID_ae093778b,0.5 0.5 0.5 0.0 0.0 0.0 1.0
ID_2c40ef6e2,0.5 0.5 0.5 0.0 0.0 0.0 1.0
ID_52644fa13,0.5 0.5 0.5 0.0 0.0 0.0 1.0
ID_3ba7e9f78,0.5 0.5 0.5 0.0 0.0 0.0 1.0
ID_9505949ea,0.5 0.5 0.5 0.0 0.0 0.0 1.0
ID_949329d01,0.5 0.5 0.5 0.0 0.0 0.0 1.0
ID_89aad9261,0.5 0.5 0.5 0.0 0.0 0.0 1.0
ID_6d702dc9f,0.5 0.5 0.5 0.0 0.0 0.0 1.0
ID_9fafc96db,0.5 0.5 0.5 0.0 0.0 0.0 1.0
ID_b3cff293d,0.5 0.5 0.5 0.0 0.0 0.0 1.0
ID_0ed81a8ee,0.5 0.5 0.5 0.0 0.0 0.0 1.0
ID_90fa51829,0.5 0.5 0.5 0.0 0.0 0.0 1.0
ID_eadf03d99,0.5 0.5 0.5 0.0 0.0 0.0 1.0
ID_a8bfe8016,0.5 0.5 0.5 0.0 0.0 0.0 1.0
ID_5247c397b,0.5 0.5 0.5 0.0 0.0 0.0 1.0
ID_f415ee119,0.5 0.5 0.5 0.0 0.0 0.0 1.0
ID_1c33c4e2a,0.5 0.5 0.5 0.0 0.0 0.0 1.0
ID_30b773942,0.5 0.5 0.5 0.0 0.0 0.0 1.0
ID_7d62bee80,0.5 0.5 0.5 0.0 0.0 0.0 1.0
ID_75954b7a5,0.5 0.5 0.5 0.0 0.0 0.0 1.0
ID_8af815627,0.5 0.5 0.5 0.0 0.0 0.0 1.0
ID_7dd6a92f5,0.5 0.5 0.5 0.0 0.0 0.0 1.0
ID_d7a2d7e75,0.5 0.5 0.5 0.0 0.0 0.0 1.0
ID_0542e3040,0.5 0.5 0.5 0.0 0.0 0.0 1.0
ID_bcb8df351,0.5 0.5 0.5 0.0 0.0 0.0 1.0
ID_9b032e9e6,0.5 0.5 0.5 0.0 0.0 0.0 1.0
ID_e9db0d2f4,0.5 0.5 0.5 0.0 0.0 0.0 1.0
ID_0d1954289,0.5 0.5 0.5 0.0 0.0 0.0 1.0
ID_185e1a953,0.5 0.5 0.5 0.0 0.0 0.0 1.0
ID_c57b03c9a,0.5 0.5 0.5 0.0 0.0 0.0 1.0
ID_e6d65a781,0.5 0.5 0.5 0.0 0.0 0.0 1.0
ID_55d50bf6d,0.5 0.5 0.5 0.0 0.0 0.0 1.0
ID_0a8b71767,0.5 0.5 0.5 0.0 0.0 0.0 1.0
ID_ff5ea7211,0.5 0.5 0.5 0.0 0.0 0.0 1.0
ID_17a344643,0.5 0.5 0.5 0.0 0.0 0.0 1.0
ID_4d11cd24b,0.5 0.5 0.5 0.0 0.0 0.0 1.0
ID_8f6ba6895,0.5 0.5 0.5 0.0 0.0 0.0 1.0
ID_400b94e45,0.5 0.5 0.5 0.0 0.0 0.0 1.0
ID_4be9d0441,0.5 0.5 0.5 0.0 0.0 0.0 1.0
ID_51e991047,0.5 0.5 0.5 0.0 0.0 0.0 1.0
ID_bc9b24657,0.5 0.5 0.5 0.0 0.0 0.0 1.0
ID_e5814e6b0,0.5 0.5 0.5 0.0 0.0 0.0 1.0
ID_9bd490d53,0.5 0.5 0.5 0.0 0.0 0.0 1.0
ID_95ad3219a,0.5 0.5 0.5 0.0 0.0 0.0 1.0
ID_e78fe6caa,0.5 0.5 0.5 0.0 0.0 0.0 1.0
ID_09d9753f2,0.5 0.5 0.5 0.0 0.0 0.0 1.0
ID_bea522bbd,0.5 0.5 0.5 0.0 0.0 0.0 1.0
ID_f2d98d526,0.5 0.5 0.5 0.0 0.0 0.0 1.0
ID_881726257,0.5 0.5 0.5 0.0 0.0 0.0 1.0
ID_1b93c9aa9,0.5 0.5 0.5 0.0 0.0 0.0 1.0
ID_8b6cb954c,0.5 0.5 0.5 0.0 0.0 0.0 1.0
ID_de60c09a1,0.5 0.5 0.5 0.0 0.0 0.0 1.0
ID_452ececbf,0.5 0.5 0.5 0.0 0.0 0.0 1.0
ID_9f7e82ce3,0.5 0.5 0.5 0.0 0.0 0.0 1.0
ID_0003b03e8,0.5 0.5 0.5 0.0 0.0 0.0 1.0
ID_8ea1f3488,0.5 0.5 0.5 0.0 0.0 0.0 1.0
ID_2ef44ebcd,0.5 0.5 0.5 0.0 0.0 0.0 1.0
ID_693cb6193,0.5 0.5 0.5 0.0 0.0 0.0 1.0
ID_e10b864a3,0.5 0.5 0.5 0.0 0.0 0.0 1.0
ID_4051e4f23,0.5 0.5 0.5 0.0 0.0 0.0 1.0
ID_7d8745794,0.5 0.5 0.5 0.0 0.0 0.0 1.0
ID_d8d1ea45b,0.5 0.5 0.5 0.0 0.0 0.0 1.0
ID_07c114b1f,0.5 0.5 0.5 0.0 0.0 0.0 1.0
ID_dc1355d53,0.5 0.5 0.5 0.0 0.0 0.0 1.0
ID_7953ed4a1,0.5 0.5 0.5 0.0 0.0 0.0 1.0
ID_5c69d6fe1,0.5 0.5 0.5 0.0 0.0 0.0 1.0
ID_99ab41f69,0.5 0.5 0.5 0.0 0.0 0.0 1.0
ID_87b771912,0.5 0.5 0.5 0.0 0.0 0.0 1.0
ID_dfc059d13,0.5 0.5 0.5 0.0 0.0 0.0 1.0
ID_5bc35f39a,0.5 0.5 0.5 0.0 0.0 0.0 1.0
ID_a30d2ba15,0.5 0.5 0.5 0.0 0.0 0.0 1.0
ID_e78c2f948,0.5 0.5 0.5 0.0 0.0 0.0 1.0
ID_261410760,0.5 0.5 0.5 0.0 0.0 0.0 1.0
ID_ee51c5bad,0.5 0.5 0.5 0.0 0.0 0.0 1.0
ID_37304646b,0.5 0.5 0.5 0.0 0.0 0.0 1.0
ID_5d0ea0e27,0.5 0.5 0.5 0.0 0.0 0.0 1.0
ID_f4bbb510c,0.5 0.5 0.5 0.0 0.0 0.0 1.0
ID_b3d2638e3,0.5 0.5 0.5 0.0 0.0 0.0 1.0
ID_497bb9259,0.5 0.5 0.5 0.0 0.0 0.0 1.0
ID_4fb2d0511,0.5 0.5 0.5 0.0 0.0 0.0 1.0
ID_ea612e6c5,0.5 0.5 0.5 0.0 0.0 0.0 1.0
ID_a015f7591,0.5 0.5 0.5 0.0 0.0 0.0 1.0
ID_20a2ab836,0.5 0.5 0.5 0.0 0.0 0.0 1.0
ID_6be9a296c,0.5 0.5 0.5 0.0 0.0 0.0 1.0
ID_ca1af0b06,0.5 0.5 0.5 0.0 0.0 0.0 1.0
ID_b0f19bb62,0.5 0.5 0.5 0.0 0.0 0.0 1.0
ID_1ffbd81d4,0.5 0.5 0.5 0.0 0.0 0.0 1.0
ID_9a6478004,0.5 0.5 0.5 0.0 0.0 0.0 1.0
ID_686018867,0.5 0.5 0.5 0.0 0.0 0.0 1.0
ID_4d2d3b049,0.5 0.5 0.5 0.0 0.0 0.0 1.0
ID_55e644e12,0.5 0.5 0.5 0.0 0.0 0.0 1.0
ID_ca20646c5,0.5 0.5 0.5 0.0 0.0 0.0 1.0
ID_45623f782,0.5 0.5 0.5 0.0 0.0 0.0 1.0
ID_15451332c,0.5 0.5 0.5 0.0 0.0 0.0 1.0
ID_9bfae9987,0.5 0.5 0.5 0.0 0.0 0.0 1.0
ID_83a4f976e,0.5 0.5 0.5 0.0 0.0 0.0 1.0
ID_686952790,0.5 0.5 0.5 0.0 0.0 0.0 1.0
ID_f36fc796c,0.5 0.5 0.5 0.0 0.0 0.0 1.0
ID_4b930d56c,0.5 0.5 0.5 0.0 0.0 0.0 1.0
ID_ccf8b970d,0.5 0.5 0.5 0.0 0.0 0.0 1.0
ID_74e0d9ac1,0.5 0.5 0.5 0.0 0.0 0.0 1.0
ID_00e05993e,0.5 0.5 0.5 0.0 0.0 0.0 1.0
ID_d5fb3aba6,0.5 0.5 0.5 0.0 0.0 0.0 1.0
ID_0ebf9cbc3,0.5 0.5 0.5 0.0 0.0 0.0 1.0
ID_4f9a92b8d,0.5 0.5 0.5 0.0 0.0 0.0 1.0
ID_b8a5193c2,0.5 0.5 0.5 0.0 0.0 0.0 1.0
ID_726d08070,0.5 0.5 0.5 0.0 0.0 0.0 1.0
ID_1567099c3,0.5 0.5 0.5 0.0 0.0 0.0 1.0
ID_45697b5c7,0.5 0.5 0.5 0.0 0.0 0.0 1.0
ID_59eb2f512,0.5 0.5 0.5 0.0 0.0 0.0 1.0
ID_99ce0de50,0.5 0.5 0.5 0.0 0.0 0.0 1.0
ID_dba159914,0.5 0.5 0.5 0.0 0.0 0.0 1.0
ID_6219c3ec5,0.5 0.5 0.5 0.0 0.0 0.0 1.0
ID_cc5f70ecf,0.5 0.5 0.5 0.0 0.0 0.0 1.0
ID_22028c9fb,0.5 0.5 0.5 0.0 0.0 0.0 1.0
ID_24a2e681e,0.5 0.5 0.5 0.0 0.0 0.0 1.0
ID_673faa07e,0.5 0.5 0.5 0.0 0.0 0.0 1.0
ID_4ee28a8a2,0.5 0.5 0.5 0.0 0.0 0.0 1.0
ID_762f498e0,0.5 0.5 0.5 0.0 0.0 0.0 1.0
ID_497cc53e4,0.5 0.5 0.5 0.0 0.0 0.0 1.0
ID_c39481108,0.5 0.5 0.5 0.0 0.0 0.0 1.0
ID_cb1ae9d7a,0.5 0.5 0.5 0.0 0.0 0.0 1.0
ID_7f018cf48,0.5 0.5 0.5 0.0 0.0 0.0 1.0
ID_e19b4e28b,0.5 0.5 0.5 0.0 0.0 0.0 1.0
ID_fc6dd971a,0.5 0.5 0.5 0.0 0.0 0.0 1.0
ID_ff802d9f5,0.5 0.5 0.5 0.0 0.0 0.0 1.0
ID_0a2c7cb83,0.5 0.5 0.5 0.0 0.0 0.0 1.0
ID_c61ec10d2,0.5 0.5 0.5 0.0 0.0 0.0 1.0
ID_da98395cc,0.5 0.5 0.5 0.0 0.0 0.0 1.0
ID_107f0fc9a,0.5 0.5 0.5 0.0 0.0 0.0 1.0
ID_5340b4b42,0.5 0.5 0.5 0.0 0.0 0.0 1.0
ID_a68ad2276,0.5 0.5 0.5 0.0 0.0 0.0 1.0
ID_e7dc7478e,0.5 0.5 0.5 0.0 0.0 0.0 1.0
ID_7bd74d61f,0.5 0.5 0.5 0.0 0.0 0.0 1.0
ID_d682cf67f,0.5 0.5 0.5 0.0 0.0 0.0 1.0
ID_3b1197a20,0.5 0.5 0.5 0.0 0.0 0.0 1.0
ID_eb818fb84,0.5 0.5 0.5 0.0 0.0 0.0 1.0
ID_806093a7f,0.5 0.5 0.5 0.0 0.0 0.0 1.0
ID_ae3601ba3,0.5 0.5 0.5 0.0 0.0 0.0 1.0
ID_0c8a9191b,0.5 0.5 0.5 0.0 0.0 0.0 1.0
ID_e90ebe03a,0.5 0.5 0.5 0.0 0.0 0.0 1.0
ID_0efb26ca9,0.5 0.5 0.5 0.0 0.0 0.0 1.0
ID_bf1874e2d,0.5 0.5 0.5 0.0 0.0 0.0 1.0
ID_1944729f3,0.5 0.5 0.5 0.0 0.0 0.0 1.0
ID_7b6b0facd,0.5 0.5 0.5 0.0 0.0 0.0 1.0
ID_a731f41cb,0.5 0.5 0.5 0.0 0.0 0.0 1.0
ID_7c606e4fb,0.5 0.5 0.5 0.0 0.0 0.0 1.0
ID_25cfa9021,0.5 0.5 0.5 0.0 0.0 0.0 1.0
ID_8f132d8f4,0.5 0.5 0.5 0.0 0.0 0.0 1.0
ID_20d1b4ff4,0.5 0.5 0.5 0.0 0.0 0.0 1.0
ID_04095ae6d,0.5 0.5 0.5 0.0 0.0 0.0 1.0
ID_860a54541,0.5 0.5 0.5 0.0 0.0 0.0 1.0
ID_198f2d7f6,0.5 0.5 0.5 0.0 0.0 0.0 1.0
ID_fd66b6f3e,0.5 0.5 0.5 0.0 0.0 0.0 1.0
ID_721f2d5e5,0.5 0.5 0.5 0.0 0.0 0.0 1.0
ID_9d4f14845,0.5 0.5 0.5 0.0 0.0 0.0 1.0
ID_78e06b859,0.5 0.5 0.5 0.0 0.0 0.0 1.0
ID_1a4752f2b,0.5 0.5 0.5 0.0 0.0 0.0 1.0
ID_89ec82c0b,0.5 0.5 0.5 0.0 0.0 0.0 1.0
ID_75e07e1d0,0.5 0.5 0.5 0.0 0.0 0.0 1.0
ID_7ff212ecd,0.5 0.5 0.5 0.0 0.0 0.0 1.0
ID_5ec71ec85,0.5 0.5 0.5 0.0 0.0 0.0 1.0
ID_088a658a4,0.5 0.5 0.5 0.0 0.0 0.0 1.0
ID_5cf09f5b5,0.5 0.5 0.5 0.0 0.0 0.0 1.0
ID_0513c5eb7,0.5 0.5 0.5 0.0 0.0 0.0 1.0
ID_71029fb26,0.5 0.5 0.5 0.0 0.0 0.0 1.0
ID_f45611544,0.5 0.5 0.5 0.0 0.0 0.0 1.0
ID_69923bebb,0.5 0.5 0.5 0.0 0.0 0.0 1.0
ID_ce85778b4,0.5 0.5 0.5 0.0 0.0 0.0 1.0
ID_77f88d644,0.5 0.5 0.5 0.0 0.0 0.0 1.0
ID_aee1fe4f8,0.5 0.5 0.5 0.0 0.0 0.0 1.0
ID_5e984034e,0.5 0.5 0.5 0.0 0.0 0.0 1.0
ID_83d0e67c3,0.5 0.5 0.5 0.0 0.0 0.0 1.0
ID_6dc4db4c3,0.5 0.5 0.5 0.0 0.0 0.0 1.0
ID_71acb957b,0.5 0.5 0.5 0.0 0.0 0.0 1.0
ID_9a0af2430,0.5 0.5 0.5 0.0 0.0 0.0 1.0
ID_556616008,0.5 0.5 0.5 0.0 0.0 0.0 1.0
ID_fbe93c973,0.5 0.5 0.5 0.0 0.0 0.0 1.0
ID_ec48d9917,0.5 0.5 0.5 0.0 0.0 0.0 1.0
ID_fab62a2d6,0.5 0.5 0.5 0.0 0.0 0.0 1.0
ID_1ec73622e,0.5 0.5 0.5 0.0 0.0 0.0 1.0
ID_e0f49a3e2,0.5 0.5 0.5 0.0 0.0 0.0 1.0
ID_a2578a96b,0.5 0.5 0.5 0.0 0.0 0.0 1.0
ID_b05d34744,0.5 0.5 0.5 0.0 0.0 0.0 1.0
ID_2dcfeb2d8,0.5 0.5 0.5 0.0 0.0 0.0 1.0
ID_f9c21a4e3,0.5 0.5 0.5 0.0 0.0 0.0 1.0
ID_702d8950f,0.5 0.5 0.5 0.0 0.0 0.0 1.0
ID_bfd83374c,0.5 0.5 0.5 0.0 0.0 0.0 1.0
ID_d6d44cd2d,0.5 0.5 0.5 0.0 0.0 0.0 1.0
ID_07face5cc,0.5 0.5 0.5 0.0 0.0 0.0 1.0
ID_78b62250f,0.5 0.5 0.5 0.0 0.0 0.0 1.0
ID_61ea800de,0.5 0.5 0.5 0.0 0.0 0.0 1.0
ID_f662980fe,0.5 0.5 0.5 0.0 0.0 0.0 1.0
ID_28113efb9,0.5 0.5 0.5 0.0 0.0 0.0 1.0
ID_1ee08c70e,0.5 0.5 0.5 0.0 0.0 0.0 1.0
ID_7693a8efa,0.5 0.5 0.5 0.0 0.0 0.0 1.0
ID_3e3e26466,0.5 0.5 0.5 0.0 0.0 0.0 1.0
ID_cb5b99c00,0.5 0.5 0.5 0.0 0.0 0.0 1.0
ID_de733a2f3,0.5 0.5 0.5 0.0 0.0 0.0 1.0
ID_c7af45b69,0.5 0.5 0.5 0.0 0.0 0.0 1.0
ID_f9823c567,0.5 0.5 0.5 0.0 0.0 0.0 1.0
ID_1129b2d03,0.5 0.5 0.5 0.0 0.0 0.0 1.0
ID_6c9790be6,0.5 0.5 0.5 0.0 0.0 0.0 1.0
ID_4035eb136,0.5 0.5 0.5 0.0 0.0 0.0 1.0
ID_0d485bb14,0.5 0.5 0.5 0.0 0.0 0.0 1.0
ID_62ed436f7,0.5 0.5 0.5 0.0 0.0 0.0 1.0
ID_54b3d5a2e,0.5 0.5 0.5 0.0 0.0 0.0 1.0
ID_13c66681f,0.5 0.5 0.5 0.0 0.0 0.0 1.0
ID_aa339f2c6,0.5 0.5 0.5 0.0 0.0 0.0 1.0
ID_08d6b1464,0.5 0.5 0.5 0.0 0.0 0.0 1.0
ID_214afd027,0.5 0.5 0.5 0.0 0.0 0.0 1.0
ID_6cf4fe617,0.5 0.5 0.5 0.0 0.0 0.0 1.0
ID_9086e1d64,0.5 0.5 0.5 0.0 0.0 0.0 1.0
ID_a308a3c6f,0.5 0.5 0.5 0.0 0.0 0.0 1.0
ID_1cb361b29,0.5 0.5 0.5 0.0 0.0 0.0 1.0
ID_e4386e64b,0.5 0.5 0.5 0.0 0.0 0.0 1.0
ID_5d68618aa,0.5 0.5 0.5 0.0 0.0 0.0 1.0
ID_01e2b8b2e,0.5 0.5 0.5 0.0 0.0 0.0 1.0
ID_419fd68d0,0.5 0.5 0.5 0.0 0.0 0.0 1.0
ID_1735dfe9f,0.5 0.5 0.5 0.0 0.0 0.0 1.0
ID_20258d71b,0.5 0.5 0.5 0.0 0.0 0.0 1.0
ID_75d5df09f,0.5 0.5 0.5 0.0 0.0 0.0 1.0
ID_76c862d7c,0.5 0.5 0.5 0.0 0.0 0.0 1.0
ID_c1e946be3,0.5 0.5 0.5 0.0 0.0 0.0 1.0
ID_cfba4984c,0.5 0.5 0.5 0.0 0.0 0.0 1.0
ID_d070636d0,0.5 0.5 0.5 0.0 0.0 0.0 1.0
ID_b61889676,0.5 0.5 0.5 0.0 0.0 0.0 1.0
ID_070336f87,0.5 0.5 0.5 0.0 0.0 0.0 1.0
ID_b2eadb089,0.5 0.5 0.5 0.0 0.0 0.0 1.0
ID_3410bcfd6,0.5 0.5 0.5 0.0 0.0 0.0 1.0
ID_0b87c56d1,0.5 0.5 0.5 0.0 0.0 0.0 1.0
ID_d943d1083,0.5 0.5 0.5 0.0 0.0 0.0 1.0
ID_bf9c30a62,0.5 0.5 0.5 0.0 0.0 0.0 1.0
ID_f0b70145b,0.5 0.5 0.5 0.0 0.0 0.0 1.0
ID_7a33c7b73,0.5 0.5 0.5 0.0 0.0 0.0 1.0
ID_d62f03eba,0.5 0.5 0.5 0.0 0.0 0.0 1.0
ID_73fa34d89,0.5 0.5 0.5 0.0 0.0 0.0 1.0
ID_3abfc5331,0.5 0.5 0.5 0.0 0.0 0.0 1.0
ID_be741edcf,0.5 0.5 0.5 0.0 0.0 0.0 1.0
ID_1a4fa57bb,0.5 0.5 0.5 0.0 0.0 0.0 1.0
ID_9656eb273,0.5 0.5 0.5 0.0 0.0 0.0 1.0
ID_7dba954ce,0.5 0.5 0.5 0.0 0.0 0.0 1.0
ID_6a4687cf5,0.5 0.5 0.5 0.0 0.0 0.0 1.0
ID_f39128759,0.5 0.5 0.5 0.0 0.0 0.0 1.0
ID_339145940,0.5 0.5 0.5 0.0 0.0 0.0 1.0
ID_6ae2b25af,0.5 0.5 0.5 0.0 0.0 0.0 1.0
ID_f02154a7b,0.5 0.5 0.5 0.0 0.0 0.0 1.0
ID_bccb7edee,0.5 0.5 0.5 0.0 0.0 0.0 1.0
ID_d43788d17,0.5 0.5 0.5 0.0 0.0 0.0 1.0
ID_5c2fa9dd4,0.5 0.5 0.5 0.0 0.0 0.0 1.0
ID_e82965d4e,0.5 0.5 0.5 0.0 0.0 0.0 1.0
ID_ee349e637,0.5 0.5 0.5 0.0 0.0 0.0 1.0
ID_7ee434389,0.5 0.5 0.5 0.0 0.0 0.0 1.0
ID_4ff1d7616,0.5 0.5 0.5 0.0 0.0 0.0 1.0
ID_1f3a6f869,0.5 0.5 0.5 0.0 0.0 0.0 1.0
ID_605f96c02,0.5 0.5 0.5 0.0 0.0 0.0 1.0
ID_df4f7965b,0.5 0.5 0.5 0.0 0.0 0.0 1.0
ID_dda9f0184,0.5 0.5 0.5 0.0 0.0 0.0 1.0
ID_875d60caa,0.5 0.5 0.5 0.0 0.0 0.0 1.0
ID_56d517868,0.5 0.5 0.5 0.0 0.0 0.0 1.0
ID_76cc7da6c,0.5 0.5 0.5 0.0 0.0 0.0 1.0
ID_6019e29a9,0.5 0.5 0.5 0.0 0.0 0.0 1.0
ID_5f97233c2,0.5 0.5 0.5 0.0 0.0 0.0 1.0
ID_4c425cf3b,0.5 0.5 0.5 0.0 0.0 0.0 1.0
ID_dcc5ce334,0.5 0.5 0.5 0.0 0.0 0.0 1.0
ID_44e441e45,0.5 0.5 0.5 0.0 0.0 0.0 1.0
ID_2c993f7bf,0.5 0.5 0.5 0.0 0.0 0.0 1.0
ID_012a23c37,0.5 0.5 0.5 0.0 0.0 0.0 1.0
ID_40d439bca,0.5 0.5 0.5 0.0 0.0 0.0 1.0
ID_eff8ebc60,0.5 0.5 0.5 0.0 0.0 0.0 1.0
ID_cf34887e2,0.5 0.5 0.5 0.0 0.0 0.0 1.0
ID_e491e4379,0.5 0.5 0.5 0.0 0.0 0.0 1.0
ID_610a56c9c,0.5 0.5 0.5 0.0 0.0 0.0 1.0
ID_0f1f9d5e4,0.5 0.5 0.5 0.0 0.0 0.0 1.0
ID_8a8d940ed,0.5 0.5 0.5 0.0 0.0 0.0 1.0
ID_ca82701ea,0.5 0.5 0.5 0.0 0.0 0.0 1.0
ID_78894345d,0.5 0.5 0.5 0.0 0.0 0.0 1.0
ID_8f92eb222,0.5 0.5 0.5 0.0 0.0 0.0 1.0
ID_a48d8feb9,0.5 0.5 0.5 0.0 0.0 0.0 1.0
ID_66a9029d4,0.5 0.5 0.5 0.0 0.0 0.0 1.0
ID_a6b28e182,0.5 0.5 0.5 0.0 0.0 0.0 1.0
ID_92e4af028,0.5 0.5 0.5 0.0 0.0 0.0 1.0
ID_3ba85e9d7,0.5 0.5 0.5 0.0 0.0 0.0 1.0
ID_b1a42494b,0.5 0.5 0.5 0.0 0.0 0.0 1.0
ID_e0856be4d,0.5 0.5 0.5 0.0 0.0 0.0 1.0
ID_e14f2469e,0.5 0.5 0.5 0.0 0.0 0.0 1.0
ID_d4590d2a9,0.5 0.5 0.5 0.0 0.0 0.0 1.0
ID_083b934eb,0.5 0.5 0.5 0.0 0.0 0.0 1.0
ID_2fee670a1,0.5 0.5 0.5 0.0 0.0 0.0 1.0
ID_74252a583,0.5 0.5 0.5 0.0 0.0 0.0 1.0
ID_8b28ec4f9,0.5 0.5 0.5 0.0 0.0 0.0 1.0
ID_fa0e3eb1b,0.5 0.5 0.5 0.0 0.0 0.0 1.0
ID_d42f97fc3,0.5 0.5 0.5 0.0 0.0 0.0 1.0
ID_c9a2f4f87,0.5 0.5 0.5 0.0 0.0 0.0 1.0
ID_60683494f,0.5 0.5 0.5 0.0 0.0 0.0 1.0
ID_bd140cebe,0.5 0.5 0.5 0.0 0.0 0.0 1.0
ID_dc15cce5a,0.5 0.5 0.5 0.0 0.0 0.0 1.0
ID_a3a8fc43d,0.5 0.5 0.5 0.0 0.0 0.0 1.0
ID_b66e13e2e,0.5 0.5 0.5 0.0 0.0 0.0 1.0
ID_3732101b9,0.5 0.5 0.5 0.0 0.0 0.0 1.0
ID_98f6fed69,0.5 0.5 0.5 0.0 0.0 0.0 1.0
ID_2d179da64,0.5 0.5 0.5 0.0 0.0 0.0 1.0
ID_3970b0062,0.5 0.5 0.5 0.0 0.0 0.0 1.0
ID_9c6e0fa8f,0.5 0.5 0.5 0.0 0.0 0.0 1.0
ID_95ebe1636,0.5 0.5 0.5 0.0 0.0 0.0 1.0
ID_a1f6b2e24,0.5 0.5 0.5 0.0 0.0 0.0 1.0
ID_d765606f4,0.5 0.5 0.5 0.0 0.0 0.0 1.0
ID_c7fcfa31b,0.5 0.5 0.5 0.0 0.0 0.0 1.0
ID_807b7ee33,0.5 0.5 0.5 0.0 0.0 0.0 1.0
ID_e08a900d4,0.5 0.5 0.5 0.0 0.0 0.0 1.0
ID_eae9a0631,0.5 0.5 0.5 0.0 0.0 0.0 1.0
ID_3051cec91,0.5 0.5 0.5 0.0 0.0 0.0 1.0
ID_294e421ce,0.5 0.5 0.5 0.0 0.0 0.0 1.0
ID_f5e6b39dc,0.5 0.5 0.5 0.0 0.0 0.0 1.0
ID_235a0c5cb,0.5 0.5 0.5 0.0 0.0 0.0 1.0
ID_5941fa5d4,0.5 0.5 0.5 0.0 0.0 0.0 1.0
ID_f9c6e4522,0.5 0.5 0.5 0.0 0.0 0.0 1.0
ID_ed937d7d6,0.5 0.5 0.5 0.0 0.0 0.0 1.0
ID_7f56a1b6c,0.5 0.5 0.5 0.0 0.0 0.0 1.0
ID_a0366e0fc,0.5 0.5 0.5 0.0 0.0 0.0 1.0
ID_d9a84d7bc,0.5 0.5 0.5 0.0 0.0 0.0 1.0
ID_13c93bb05,0.5 0.5 0.5 0.0 0.0 0.0 1.0
ID_7b6e1aa73,0.5 0.5 0.5 0.0 0.0 0.0 1.0
ID_c86bec215,0.5 0.5 0.5 0.0 0.0 0.0 1.0
ID_a5a78ce69,0.5 0.5 0.5 0.0 0.0 0.0 1.0
ID_2d9c98318,0.5 0.5 0.5 0.0 0.0 0.0 1.0
ID_02ffb2550,0.5 0.5 0.5 0.0 0.0 0.0 1.0
ID_1232dd19f,0.5 0.5 0.5 0.0 0.0 0.0 1.0
ID_bb0077750,0.5 0.5 0.5 0.0 0.0 0.0 1.0
ID_dbc728526,0.5 0.5 0.5 0.0 0.0 0.0 1.0
ID_3e9cd5fc3,0.5 0.5 0.5 0.0 0.0 0.0 1.0
ID_649e41c03,0.5 0.5 0.5 0.0 0.0 0.0 1.0
ID_000372ced,0.5 0.5 0.5 0.0 0.0 0.0 1.0
ID_bd346a18f,0.5 0.5 0.5 0.0 0.0 0.0 1.0
ID_ea3a27752,0.5 0.5 0.5 0.0 0.0 0.0 1.0
ID_9ff7e727d,0.5 0.5 0.5 0.0 0.0 0.0 1.0
ID_5844bb1b6,0.5 0.5 0.5 0.0 0.0 0.0 1.0
ID_c13a04a02,0.5 0.5 0.5 0.0 0.0 0.0 1.0
ID_9366b13c2,0.5 0.5 0.5 0.0 0.0 0.0 1.0
ID_834f36d02,0.5 0.5 0.5 0.0 0.0 0.0 1.0
ID_9d5d8368e,0.5 0.5 0.5 0.0 0.0 0.0 1.0
ID_55e70f7c8,0.5 0.5 0.5 0.0 0.0 0.0 1.0
ID_54ca1d92a,0.5 0.5 0.5 0.0 0.0 0.0 1.0
ID_d04b334e7,0.5 0.5 0.5 0.0 0.0 0.0 1.0
ID_893fef46d,0.5 0.5 0.5 0.0 0.0 0.0 1.0
ID_310b5aebc,0.5 0.5 0.5 0.0 0.0 0.0 1.0
ID_ac4cac8fe,0.5 0.5 0.5 0.0 0.0 0.0 1.0
ID_60c3db66f,0.5 0.5 0.5 0.0 0.0 0.0 1.0
ID_5d73de275,0.5 0.5 0.5 0.0 0.0 0.0 1.0
ID_c01216287,0.5 0.5 0.5 0.0 0.0 0.0 1.0
ID_e42dcbb5d,0.5 0.5 0.5 0.0 0.0 0.0 1.0
ID_609259f40,0.5 0.5 0.5 0.0 0.0 0.0 1.0
ID_de9cff927,0.5 0.5 0.5 0.0 0.0 0.0 1.0
ID_b65fb32da,0.5 0.5 0.5 0.0 0.0 0.0 1.0
ID_0aa8f8389,0.5 0.5 0.5 0.0 0.0 0.0 1.0
ID_0feea9882,0.5 0.5 0.5 0.0 0.0 0.0 1.0
ID_99718e467,0.5 0.5 0.5 0.0 0.0 0.0 1.0
ID_765629028,0.5 0.5 0.5 0.0 0.0 0.0 1.0
ID_3d508aeb8,0.5 0.5 0.5 0.0 0.0 0.0 1.0
ID_580704686,0.5 0.5 0.5 0.0 0.0 0.0 1.0
ID_2e157fbbe,0.5 0.5 0.5 0.0 0.0 0.0 1.0
ID_df097e4f9,0.5 0.5 0.5 0.0 0.0 0.0 1.0
ID_54d8daf1f,0.5 0.5 0.5 0.0 0.0 0.0 1.0
ID_d94a68698,0.5 0.5 0.5 0.0 0.0 0.0 1.0
ID_3c89a273b,0.5 0.5 0.5 0.0 0.0 0.0 1.0
ID_1ee0582f0,0.5 0.5 0.5 0.0 0.0 0.0 1.0
ID_d7779ce39,0.5 0.5 0.5 0.0 0.0 0.0 1.0
ID_62f6ee599,0.5 0.5 0.5 0.0 0.0 0.0 1.0
ID_2ab5c8747,0.5 0.5 0.5 0.0 0.0 0.0 1.0
ID_d0b5ac170,0.5 0.5 0.5 0.0 0.0 0.0 1.0
ID_785cc2201,0.5 0.5 0.5 0.0 0.0 0.0 1.0
ID_25579d9f7,0.5 0.5 0.5 0.0 0.0 0.0 1.0
ID_34a4bf84a,0.5 0.5 0.5 0.0 0.0 0.0 1.0
ID_865d66137,0.5 0.5 0.5 0.0 0.0 0.0 1.0
ID_87bde62ad,0.5 0.5 0.5 0.0 0.0 0.0 1.0
ID_4a7485f9b,0.5 0.5 0.5 0.0 0.0 0.0 1.0
ID_f3970bf05,0.5 0.5 0.5 0.0 0.0 0.0 1.0
ID_95cf0a080,0.5 0.5 0.5 0.0 0.0 0.0 1.0
ID_4e80e345a,0.5 0.5 0.5 0.0 0.0 0.0 1.0
ID_ca20b75f7,0.5 0.5 0.5 0.0 0.0 0.0 1.0
ID_ac7059856,0.5 0.5 0.5 0.0 0.0 0.0 1.0
ID_c2a42893d,0.5 0.5 0.5 0.0 0.0 0.0 1.0
ID_44c617c33,0.5 0.5 0.5 0.0 0.0 0.0 1.0
ID_a67384d7f,0.5 0.5 0.5 0.0 0.0 0.0 1.0
ID_fef0285a4,0.5 0.5 0.5 0.0 0.0 0.0 1.0
ID_a3ba7edb3,0.5 0.5 0.5 0.0 0.0 0.0 1.0
ID_659ce3f4d,0.5 0.5 0.5 0.0 0.0 0.0 1.0
ID_533535487,0.5 0.5 0.5 0.0 0.0 0.0 1.0
ID_87945b267,0.5 0.5 0.5 0.0 0.0 0.0 1.0
ID_7e909557c,0.5 0.5 0.5 0.0 0.0 0.0 1.0
ID_6ab75538d,0.5 0.5 0.5 0.0 0.0 0.0 1.0
ID_c38e2e647,0.5 0.5 0.5 0.0 0.0 0.0 1.0
ID_95dc6aff2,0.5 0.5 0.5 0.0 0.0 0.0 1.0
ID_f9484b860,0.5 0.5 0.5 0.0 0.0 0.0 1.0
ID_56052aca4,0.5 0.5 0.5 0.0 0.0 0.0 1.0
ID_4013f9206,0.5 0.5 0.5 0.0 0.0 0.0 1.0
ID_91952dda4,0.5 0.5 0.5 0.0 0.0 0.0 1.0
ID_738061af7,0.5 0.5 0.5 0.0 0.0 0.0 1.0
ID_be11583f1,0.5 0.5 0.5 0.0 0.0 0.0 1.0
ID_8b84a40e3,0.5 0.5 0.5 0.0 0.0 0.0 1.0
ID_39d4a20b2,0.5 0.5 0.5 0.0 0.0 0.0 1.0
ID_1ac23dc28,0.5 0.5 0.5 0.0 0.0 0.0 1.0
ID_ff90a8c43,0.5 0.5 0.5 0.0 0.0 0.0 1.0
ID_9df45f42c,0.5 0.5 0.5 0.0 0.0 0.0 1.0
ID_469401110,0.5 0.5 0.5 0.0 0.0 0.0 1.0
ID_65218153c,0.5 0.5 0.5 0.0 0.0 0.0 1.0
ID_fa8f14e2c,0.5 0.5 0.5 0.0 0.0 0.0 1.0
ID_7ee7bdd6d,0.5 0.5 0.5 0.0 0.0 0.0 1.0
ID_8113f10d3,0.5 0.5 0.5 0.0 0.0 0.0 1.0
ID_a34e8f8bf,0.5 0.5 0.5 0.0 0.0 0.0 1.0
ID_ae41e5ef2,0.5 0.5 0.5 0.0 0.0 0.0 1.0
ID_5998d3700,0.5 0.5 0.5 0.0 0.0 0.0 1.0
ID_e8288ae52,0.5 0.5 0.5 0.0 0.0 0.0 1.0
ID_175ce7137,0.5 0.5 0.5 0.0 0.0 0.0 1.0
ID_d937fa9d4,0.5 0.5 0.5 0.0 0.0 0.0 1.0
ID_dd4288cac,0.5 0.5 0.5 0.0 0.0 0.0 1.0
ID_95db5c560,0.5 0.5 0.5 0.0 0.0 0.0 1.0
ID_fff387961,0.5 0.5 0.5 0.0 0.0 0.0 1.0
ID_8b1981f77,0.5 0.5 0.5 0.0 0.0 0.0 1.0
ID_edfe1c616,0.5 0.5 0.5 0.0 0.0 0.0 1.0
ID_e6a0c4b92,0.5 0.5 0.5 0.0 0.0 0.0 1.0
ID_bf330fd5c,0.5 0.5 0.5 0.0 0.0 0.0 1.0
ID_e8c4a2773,0.5 0.5 0.5 0.0 0.0 0.0 1.0
ID_96c17bd0e,0.5 0.5 0.5 0.0 0.0 0.0 1.0
ID_ea603fcaa,0.5 0.5 0.5 0.0 0.0 0.0 1.0
ID_7c3cac976,0.5 0.5 0.5 0.0 0.0 0.0 1.0
ID_f42247845,0.5 0.5 0.5 0.0 0.0 0.0 1.0
ID_bf2a861fd,0.5 0.5 0.5 0.0 0.0 0.0 1.0
ID_874ac29d4,0.5 0.5 0.5 0.0 0.0 0.0 1.0
ID_abdcf97f2,0.5 0.5 0.5 0.0 0.0 0.0 1.0
ID_98226ec93,0.5 0.5 0.5 0.0 0.0 0.0 1.0
ID_79d70e41d,0.5 0.5 0.5 0.0 0.0 0.0 1.0
ID_4876f23f2,0.5 0.5 0.5 0.0 0.0 0.0 1.0
ID_d002910aa,0.5 0.5 0.5 0.0 0.0 0.0 1.0
ID_53fbd40cf,0.5 0.5 0.5 0.0 0.0 0.0 1.0
ID_d2617ce65,0.5 0.5 0.5 0.0 0.0 0.0 1.0
ID_da24ed46f,0.5 0.5 0.5 0.0 0.0 0.0 1.0
ID_5acf8849e,0.5 0.5 0.5 0.0 0.0 0.0 1.0
ID_7db2aee6a,0.5 0.5 0.5 0.0 0.0 0.0 1.0
ID_dde8e4947,0.5 0.5 0.5 0.0 0.0 0.0 1.0
ID_26a151bc2,0.5 0.5 0.5 0.0 0.0 0.0 1.0
ID_d7cacc444,0.5 0.5 0.5 0.0 0.0 0.0 1.0
ID_322087612,0.5 0.5 0.5 0.0 0.0 0.0 1.0
ID_81491060d,0.5 0.5 0.5 0.0 0.0 0.0 1.0
ID_49c4b963c,0.5 0.5 0.5 0.0 0.0 0.0 1.0
ID_e3da9a6a0,0.5 0.5 0.5 0.0 0.0 0.0 1.0
ID_34da5bfe3,0.5 0.5 0.5 0.0 0.0 0.0 1.0
ID_efe4dceea,0.5 0.5 0.5 0.0 0.0 0.0 1.0
ID_218035e22,0.5 0.5 0.5 0.0 0.0 0.0 1.0
ID_7cb9d50e9,0.5 0.5 0.5 0.0 0.0 0.0 1.0
ID_4b27d3343,0.5 0.5 0.5 0.0 0.0 0.0 1.0
ID_2009611e4,0.5 0.5 0.5 0.0 0.0 0.0 1.0
ID_85788043a,0.5 0.5 0.5 0.0 0.0 0.0 1.0
ID_4b8f96a5c,0.5 0.5 0.5 0.0 0.0 0.0 1.0
ID_080ddeae4,0.5 0.5 0.5 0.0 0.0 0.0 1.0
ID_73094e19c,0.5 0.5 0.5 0.0 0.0 0.0 1.0
ID_3ca67e8c8,0.5 0.5 0.5 0.0 0.0 0.0 1.0
ID_bfe635d98,0.5 0.5 0.5 0.0 0.0 0.0 1.0
ID_9042648d3,0.5 0.5 0.5 0.0 0.0 0.0 1.0
ID_ef5c4222d,0.5 0.5 0.5 0.0 0.0 0.0 1.0
ID_07a9fd761,0.5 0.5 0.5 0.0 0.0 0.0 1.0
ID_d6f3d6c41,0.5 0.5 0.5 0.0 0.0 0.0 1.0
ID_1bfc2b2c9,0.5 0.5 0.5 0.0 0.0 0.0 1.0
ID_5314af842,0.5 0.5 0.5 0.0 0.0 0.0 1.0
ID_83f11c711,0.5 0.5 0.5 0.0 0.0 0.0 1.0
ID_de1f7dc9a,0.5 0.5 0.5 0.0 0.0 0.0 1.0
ID_09bc603fa,0.5 0.5 0.5 0.0 0.0 0.0 1.0
ID_35a51df0c,0.5 0.5 0.5 0.0 0.0 0.0 1.0
ID_00a798026,0.5 0.5 0.5 0.0 0.0 0.0 1.0
ID_ce8e905fb,0.5 0.5 0.5 0.0 0.0 0.0 1.0
ID_a5028c14b,0.5 0.5 0.5 0.0 0.0 0.0 1.0
ID_207406d19,0.5 0.5 0.5 0.0 0.0 0.0 1.0
ID_3c61e369f,0.5 0.5 0.5 0.0 0.0 0.0 1.0
ID_0b8ba0a6d,0.5 0.5 0.5 0.0 0.0 0.0 1.0
ID_2499776ce,0.5 0.5 0.5 0.0 0.0 0.0 1.0
ID_3b55eb523,0.5 0.5 0.5 0.0 0.0 0.0 1.0
ID_7897c404e,0.5 0.5 0.5 0.0 0.0 0.0 1.0
ID_1a0827926,0.5 0.5 0.5 0.0 0.0 0.0 1.0
ID_fab569f6e,0.5 0.5 0.5 0.0 0.0 0.0 1.0
ID_926c1eeec,0.5 0.5 0.5 0.0 0.0 0.0 1.0
ID_03aad31c3,0.5 0.5 0.5 0.0 0.0 0.0 1.0
ID_cc2578876,0.5 0.5 0.5 0.0 0.0 0.0 1.0
ID_cec7c68bc,0.5 0.5 0.5 0.0 0.0 0.0 1.0
ID_26ec13134,0.5 0.5 0.5 0.0 0.0 0.0 1.0
ID_16bce4625,0.5 0.5 0.5 0.0 0.0 0.0 1.0
ID_fdb5ce2ce,0.5 0.5 0.5 0.0 0.0 0.0 1.0
ID_dc489265f,0.5 0.5 0.5 0.0 0.0 0.0 1.0
ID_551290921,0.5 0.5 0.5 0.0 0.0 0.0 1.0
ID_7f2d38497,0.5 0.5 0.5 0.0 0.0 0.0 1.0
ID_77c57414e,0.5 0.5 0.5 0.0 0.0 0.0 1.0
ID_1f642cf54,0.5 0.5 0.5 0.0 0.0 0.0 1.0
ID_5de8836e1,0.5 0.5 0.5 0.0 0.0 0.0 1.0
ID_6942cc4da,0.5 0.5 0.5 0.0 0.0 0.0 1.0
ID_299ba85ba,0.5 0.5 0.5 0.0 0.0 0.0 1.0
ID_79f45f0e0,0.5 0.5 0.5 0.0 0.0 0.0 1.0
ID_17c457c03,0.5 0.5 0.5 0.0 0.0 0.0 1.0
ID_d050c91d7,0.5 0.5 0.5 0.0 0.0 0.0 1.0
ID_acdc7b47a,0.5 0.5 0.5 0.0 0.0 0.0 1.0
ID_c8ada24c5,0.5 0.5 0.5 0.0 0.0 0.0 1.0
ID_6de008ff0,0.5 0.5 0.5 0.0 0.0 0.0 1.0
ID_37e6c1b2a,0.5 0.5 0.5 0.0 0.0 0.0 1.0
ID_f2ea3c06b,0.5 0.5 0.5 0.0 0.0 0.0 1.0
ID_a5f015e10,0.5 0.5 0.5 0.0 0.0 0.0 1.0
ID_6aa8631ce,0.5 0.5 0.5 0.0 0.0 0.0 1.0
ID_31c46ddec,0.5 0.5 0.5 0.0 0.0 0.0 1.0
ID_f5d616d99,0.5 0.5 0.5 0.0 0.0 0.0 1.0
ID_c7025f3cd,0.5 0.5 0.5 0.0 0.0 0.0 1.0
ID_c8bde8b34,0.5 0.5 0.5 0.0 0.0 0.0 1.0
ID_c737cca92,0.5 0.5 0.5 0.0 0.0 0.0 1.0
ID_f7c719dde,0.5 0.5 0.5 0.0 0.0 0.0 1.0
ID_047356f83,0.5 0.5 0.5 0.0 0.0 0.0 1.0
ID_eb33e71d6,0.5 0.5 0.5 0.0 0.0 0.0 1.0
ID_bf0a19bdc,0.5 0.5 0.5 0.0 0.0 0.0 1.0
ID_62664e32d,0.5 0.5 0.5 0.0 0.0 0.0 1.0
ID_a9e10ad00,0.5 0.5 0.5 0.0 0.0 0.0 1.0
ID_d8554cdf9,0.5 0.5 0.5 0.0 0.0 0.0 1.0
ID_0b3dc519b,0.5 0.5 0.5 0.0 0.0 0.0 1.0
ID_0d5fe2dbb,0.5 0.5 0.5 0.0 0.0 0.0 1.0
ID_c33ff7b1f,0.5 0.5 0.5 0.0 0.0 0.0 1.0
ID_c0d3c3d4a,0.5 0.5 0.5 0.0 0.0 0.0 1.0
ID_4f8628639,0.5 0.5 0.5 0.0 0.0 0.0 1.0
ID_ae0848566,0.5 0.5 0.5 0.0 0.0 0.0 1.0
ID_edbd092b8,0.5 0.5 0.5 0.0 0.0 0.0 1.0
ID_6632bd70b,0.5 0.5 0.5 0.0 0.0 0.0 1.0
ID_7b2d0c788,0.5 0.5 0.5 0.0 0.0 0.0 1.0
ID_d7a8919b0,0.5 0.5 0.5 0.0 0.0 0.0 1.0
ID_9f7897f56,0.5 0.5 0.5 0.0 0.0 0.0 1.0
ID_1a45ed767,0.5 0.5 0.5 0.0 0.0 0.0 1.0
ID_4aefef7cf,0.5 0.5 0.5 0.0 0.0 0.0 1.0
ID_d644bd2d9,0.5 0.5 0.5 0.0 0.0 0.0 1.0
ID_739eb7a7a,0.5 0.5 0.5 0.0 0.0 0.0 1.0
ID_7fe6f71ba,0.5 0.5 0.5 0.0 0.0 0.0 1.0
ID_0c928193a,0.5 0.5 0.5 0.0 0.0 0.0 1.0
ID_f76ce5f20,0.5 0.5 0.5 0.0 0.0 0.0 1.0
ID_87ae3ff18,0.5 0.5 0.5 0.0 0.0 0.0 1.0
ID_cd3910e5c,0.5 0.5 0.5 0.0 0.0 0.0 1.0
ID_2aa453e0f,0.5 0.5 0.5 0.0 0.0 0.0 1.0
ID_c227b9ef4,0.5 0.5 0.5 0.0 0.0 0.0 1.0
ID_b82db9a94,0.5 0.5 0.5 0.0 0.0 0.0 1.0
ID_630bf2df5,0.5 0.5 0.5 0.0 0.0 0.0 1.0
ID_7f8357f22,0.5 0.5 0.5 0.0 0.0 0.0 1.0
ID_85edeb950,0.5 0.5 0.5 0.0 0.0 0.0 1.0
ID_1e4884d91,0.5 0.5 0.5 0.0 0.0 0.0 1.0
ID_c6e583200,0.5 0.5 0.5 0.0 0.0 0.0 1.0
ID_5872d2d1a,0.5 0.5 0.5 0.0 0.0 0.0 1.0
ID_c41ff1660,0.5 0.5 0.5 0.0 0.0 0.0 1.0
ID_e95c604f2,0.5 0.5 0.5 0.0 0.0 0.0 1.0
ID_cf459642b,0.5 0.5 0.5 0.0 0.0 0.0 1.0
ID_898efa964,0.5 0.5 0.5 0.0 0.0 0.0 1.0
ID_2ed1703fa,0.5 0.5 0.5 0.0 0.0 0.0 1.0
ID_c16b15511,0.5 0.5 0.5 0.0 0.0 0.0 1.0
ID_bf83fde9f,0.5 0.5 0.5 0.0 0.0 0.0 1.0
ID_653527450,0.5 0.5 0.5 0.0 0.0 0.0 1.0
ID_1e8a0688b,0.5 0.5 0.5 0.0 0.0 0.0 1.0
ID_555e3b821,0.5 0.5 0.5 0.0 0.0 0.0 1.0
ID_ea534367d,0.5 0.5 0.5 0.0 0.0 0.0 1.0
ID_cf4bb0204,0.5 0.5 0.5 0.0 0.0 0.0 1.0
ID_f8fd4c83f,0.5 0.5 0.5 0.0 0.0 0.0 1.0
ID_3e018641a,0.5 0.5 0.5 0.0 0.0 0.0 1.0
ID_b949acca3,0.5 0.5 0.5 0.0 0.0 0.0 1.0
ID_f6efd39fa,0.5 0.5 0.5 0.0 0.0 0.0 1.0
ID_64758af28,0.5 0.5 0.5 0.0 0.0 0.0 1.0
ID_9a340aeb8,0.5 0.5 0.5 0.0 0.0 0.0 1.0
ID_fafe791a9,0.5 0.5 0.5 0.0 0.0 0.0 1.0
ID_06275a4b2,0.5 0.5 0.5 0.0 0.0 0.0 1.0
ID_7188ce409,0.5 0.5 0.5 0.0 0.0 0.0 1.0
ID_77c9704d3,0.5 0.5 0.5 0.0 0.0 0.0 1.0
ID_9156f090a,0.5 0.5 0.5 0.0 0.0 0.0 1.0
ID_dd3c7a058,0.5 0.5 0.5 0.0 0.0 0.0 1.0
ID_92a3f70d7,0.5 0.5 0.5 0.0 0.0 0.0 1.0
ID_d82631bdb,0.5 0.5 0.5 0.0 0.0 0.0 1.0
ID_e5862efab,0.5 0.5 0.5 0.0 0.0 0.0 1.0
ID_7196e03c2,0.5 0.5 0.5 0.0 0.0 0.0 1.0
ID_27d10bdae,0.5 0.5 0.5 0.0 0.0 0.0 1.0
ID_368f5748a,0.5 0.5 0.5 0.0 0.0 0.0 1.0
ID_ad1bd0271,0.5 0.5 0.5 0.0 0.0 0.0 1.0
ID_7e14a9dea,0.5 0.5 0.5 0.0 0.0 0.0 1.0
ID_caeea5bb2,0.5 0.5 0.5 0.0 0.0 0.0 1.0
ID_a50e9817d,0.5 0.5 0.5 0.0 0.0 0.0 1.0
ID_911b03510,0.5 0.5 0.5 0.0 0.0 0.0 1.0
ID_0da6a07cb,0.5 0.5 0.5 0.0 0.0 0.0 1.0
ID_c3f7da244,0.5 0.5 0.5 0.0 0.0 0.0 1.0
ID_4899e6abf,0.5 0.5 0.5 0.0 0.0 0.0 1.0
ID_7cbbf735a,0.5 0.5 0.5 0.0 0.0 0.0 1.0
ID_3bc797761,0.5 0.5 0.5 0.0 0.0 0.0 1.0
ID_3557919da,0.5 0.5 0.5 0.0 0.0 0.0 1.0
ID_9d4e9f7d9,0.5 0.5 0.5 0.0 0.0 0.0 1.0
ID_01142c704,0.5 0.5 0.5 0.0 0.0 0.0 1.0
ID_80871f459,0.5 0.5 0.5 0.0 0.0 0.0 1.0
ID_a8af4e8af,0.5 0.5 0.5 0.0 0.0 0.0 1.0
ID_8a46d4ff9,0.5 0.5 0.5 0.0 0.0 0.0 1.0
ID_48408b9d6,0.5 0.5 0.5 0.0 0.0 0.0 1.0
ID_46071a343,0.5 0.5 0.5 0.0 0.0 0.0 1.0
ID_1b8cdd0ce,0.5 0.5 0.5 0.0 0.0 0.0 1.0
ID_001c3cc69,0.5 0.5 0.5 0.0 0.0 0.0 1.0
ID_627d041d5,0.5 0.5 0.5 0.0 0.0 0.0 1.0
ID_d74993adf,0.5 0.5 0.5 0.0 0.0 0.0 1.0
ID_21151b1ef,0.5 0.5 0.5 0.0 0.0 0.0 1.0
ID_7f820c57c,0.5 0.5 0.5 0.0 0.0 0.0 1.0
ID_0e9c7c4ad,0.5 0.5 0.5 0.0 0.0 0.0 1.0
ID_974ecdf21,0.5 0.5 0.5 0.0 0.0 0.0 1.0
ID_471e80962,0.5 0.5 0.5 0.0 0.0 0.0 1.0
ID_a619156bd,0.5 0.5 0.5 0.0 0.0 0.0 1.0
ID_07648565e,0.5 0.5 0.5 0.0 0.0 0.0 1.0
ID_1f98c8182,0.5 0.5 0.5 0.0 0.0 0.0 1.0
ID_27a131bf0,0.5 0.5 0.5 0.0 0.0 0.0 1.0
ID_4811592fb,0.5 0.5 0.5 0.0 0.0 0.0 1.0
ID_ad0107c7a,0.5 0.5 0.5 0.0 0.0 0.0 1.0
ID_d32b222f5,0.5 0.5 0.5 0.0 0.0 0.0 1.0
ID_5a945144c,0.5 0.5 0.5 0.0 0.0 0.0 1.0
ID_f53239fac,0.5 0.5 0.5 0.0 0.0 0.0 1.0
ID_7a67fa478,0.5 0.5 0.5 0.0 0.0 0.0 1.0
ID_a11705e32,0.5 0.5 0.5 0.0 0.0 0.0 1.0
ID_81643778b,0.5 0.5 0.5 0.0 0.0 0.0 1.0
ID_47826f703,0.5 0.5 0.5 0.0 0.0 0.0 1.0
ID_4496bb18b,0.5 0.5 0.5 0.0 0.0 0.0 1.0
ID_254fd4fd8,0.5 0.5 0.5 0.0 0.0 0.0 1.0
ID_e580ca1df,0.5 0.5 0.5 0.0 0.0 0.0 1.0
ID_4d9c2171b,0.5 0.5 0.5 0.0 0.0 0.0 1.0
ID_63dee5601,0.5 0.5 0.5 0.0 0.0 0.0 1.0
ID_8ce64eb31,0.5 0.5 0.5 0.0 0.0 0.0 1.0
ID_1666b32b8,0.5 0.5 0.5 0.0 0.0 0.0 1.0
ID_e45241b18,0.5 0.5 0.5 0.0 0.0 0.0 1.0
ID_53cd07e4b,0.5 0.5 0.5 0.0 0.0 0.0 1.0
ID_2937dd676,0.5 0.5 0.5 0.0 0.0 0.0 1.0
ID_286e44f66,0.5 0.5 0.5 0.0 0.0 0.0 1.0
ID_756e64a59,0.5 0.5 0.5 0.0 0.0 0.0 1.0
ID_8cb14d77e,0.5 0.5 0.5 0.0 0.0 0.0 1.0
ID_32d817cdf,0.5 0.5 0.5 0.0 0.0 0.0 1.0
ID_417c55f99,0.5 0.5 0.5 0.0 0.0 0.0 1.0
ID_f40798c32,0.5 0.5 0.5 0.0 0.0 0.0 1.0
ID_35d9dbf39,0.5 0.5 0.5 0.0 0.0 0.0 1.0
ID_416701d33,0.5 0.5 0.5 0.0 0.0 0.0 1.0
ID_408eea044,0.5 0.5 0.5 0.0 0.0 0.0 1.0
ID_be77fd64f,0.5 0.5 0.5 0.0 0.0 0.0 1.0
ID_12856b1c0,0.5 0.5 0.5 0.0 0.0 0.0 1.0
ID_870f75977,0.5 0.5 0.5 0.0 0.0 0.0 1.0
ID_ccf440d21,0.5 0.5 0.5 0.0 0.0 0.0 1.0
ID_a8157f2e6,0.5 0.5 0.5 0.0 0.0 0.0 1.0
ID_5df525540,0.5 0.5 0.5 0.0 0.0 0.0 1.0
ID_e1eba273c,0.5 0.5 0.5 0.0 0.0 0.0 1.0
ID_88cda7dd1,0.5 0.5 0.5 0.0 0.0 0.0 1.0
ID_141e4646d,0.5 0.5 0.5 0.0 0.0 0.0 1.0
ID_08a42e996,0.5 0.5 0.5 0.0 0.0 0.0 1.0
ID_48477f556,0.5 0.5 0.5 0.0 0.0 0.0 1.0
ID_7057733c7,0.5 0.5 0.5 0.0 0.0 0.0 1.0
ID_f08b11dc2,0.5 0.5 0.5 0.0 0.0 0.0 1.0
ID_f2486a24c,0.5 0.5 0.5 0.0 0.0 0.0 1.0
ID_f776f8b07,0.5 0.5 0.5 0.0 0.0 0.0 1.0
ID_2d274a6ea,0.5 0.5 0.5 0.0 0.0 0.0 1.0
ID_9c7a9bb0e,0.5 0.5 0.5 0.0 0.0 0.0 1.0
ID_81cbd3460,0.5 0.5 0.5 0.0 0.0 0.0 1.0
ID_4756c87de,0.5 0.5 0.5 0.0 0.0 0.0 1.0
ID_a0f90fc47,0.5 0.5 0.5 0.0 0.0 0.0 1.0
ID_9df7f66f6,0.5 0.5 0.5 0.0 0.0 0.0 1.0
ID_e5ccf73c0,0.5 0.5 0.5 0.0 0.0 0.0 1.0
ID_32d502d83,0.5 0.5 0.5 0.0 0.0 0.0 1.0
ID_89b9e4ac1,0.5 0.5 0.5 0.0 0.0 0.0 1.0
ID_78a5ea8b2,0.5 0.5 0.5 0.0 0.0 0.0 1.0
ID_d3a5aa138,0.5 0.5 0.5 0.0 0.0 0.0 1.0
ID_539eb2a21,0.5 0.5 0.5 0.0 0.0 0.0 1.0
ID_c3ab1a187,0.5 0.5 0.5 0.0 0.0 0.0 1.0
ID_f16f1ffa4,0.5 0.5 0.5 0.0 0.0 0.0 1.0
ID_64da2252e,0.5 0.5 0.5 0.0 0.0 0.0 1.0
ID_01ffb2055,0.5 0.5 0.5 0.0 0.0 0.0 1.0
ID_e5f44f45b,0.5 0.5 0.5 0.0 0.0 0.0 1.0
ID_d941d4e33,0.5 0.5 0.5 0.0 0.0 0.0 1.0
ID_471fc849c,0.5 0.5 0.5 0.0 0.0 0.0 1.0
ID_2d2c3fe25,0.5 0.5 0.5 0.0 0.0 0.0 1.0
ID_84323688f,0.5 0.5 0.5 0.0 0.0 0.0 1.0
ID_cfd010e06,0.5 0.5 0.5 0.0 0.0 0.0 1.0
ID_08fe37c81,0.5 0.5 0.5 0.0 0.0 0.0 1.0
ID_e4ee525f0,0.5 0.5 0.5 0.0 0.0 0.0 1.0
ID_0b83b47d2,0.5 0.5 0.5 0.0 0.0 0.0 1.0
ID_dc0112c8d,0.5 0.5 0.5 0.0 0.0 0.0 1.0
ID_8fcee28ff,0.5 0.5 0.5 0.0 0.0 0.0 1.0
ID_882ad3724,0.5 0.5 0.5 0.0 0.0 0.0 1.0
ID_7b3632c21,0.5 0.5 0.5 0.0 0.0 0.0 1.0
ID_159de8b5c,0.5 0.5 0.5 0.0 0.0 0.0 1.0
ID_f73cee44d,0.5 0.5 0.5 0.0 0.0 0.0 1.0
ID_a0524a3be,0.5 0.5 0.5 0.0 0.0 0.0 1.0
ID_87eeff503,0.5 0.5 0.5 0.0 0.0 0.0 1.0
ID_818cd085b,0.5 0.5 0.5 0.0 0.0 0.0 1.0
ID_54b57bcff,0.5 0.5 0.5 0.0 0.0 0.0 1.0
ID_2d066f3fe,0.5 0.5 0.5 0.0 0.0 0.0 1.0
ID_c0b221a3c,0.5 0.5 0.5 0.0 0.0 0.0 1.0
ID_1041a3f4d,0.5 0.5 0.5 0.0 0.0 0.0 1.0
ID_47b3e7ebf,0.5 0.5 0.5 0.0 0.0 0.0 1.0
ID_d440c7f31,0.5 0.5 0.5 0.0 0.0 0.0 1.0
ID_37c829ecc,0.5 0.5 0.5 0.0 0.0 0.0 1.0
ID_59f322019,0.5 0.5 0.5 0.0 0.0 0.0 1.0
ID_c88c8a615,0.5 0.5 0.5 0.0 0.0 0.0 1.0
ID_0bb480f15,0.5 0.5 0.5 0.0 0.0 0.0 1.0
ID_c2da16b47,0.5 0.5 0.5 0.0 0.0 0.0 1.0
ID_1107be4d5,0.5 0.5 0.5 0.0 0.0 0.0 1.0
ID_e53accb5a,0.5 0.5 0.5 0.0 0.0 0.0 1.0
ID_c7e84351b,0.5 0.5 0.5 0.0 0.0 0.0 1.0
ID_025120f77,0.5 0.5 0.5 0.0 0.0 0.0 1.0
ID_571139777,0.5 0.5 0.5 0.0 0.0 0.0 1.0
ID_f956b2866,0.5 0.5 0.5 0.0 0.0 0.0 1.0
ID_58793af8f,0.5 0.5 0.5 0.0 0.0 0.0 1.0
ID_9770a318d,0.5 0.5 0.5 0.0 0.0 0.0 1.0
ID_d2456405e,0.5 0.5 0.5 0.0 0.0 0.0 1.0
ID_ef3988785,0.5 0.5 0.5 0.0 0.0 0.0 1.0
ID_7ac4d15b6,0.5 0.5 0.5 0.0 0.0 0.0 1.0
ID_47f1645ad,0.5 0.5 0.5 0.0 0.0 0.0 1.0
ID_80171768f,0.5 0.5 0.5 0.0 0.0 0.0 1.0
ID_31b9449e1,0.5 0.5 0.5 0.0 0.0 0.0 1.0
ID_8dc199598,0.5 0.5 0.5 0.0 0.0 0.0 1.0
ID_0458771fd,0.5 0.5 0.5 0.0 0.0 0.0 1.0
ID_988130347,0.5 0.5 0.5 0.0 0.0 0.0 1.0
ID_798da3cc2,0.5 0.5 0.5 0.0 0.0 0.0 1.0
ID_32c1133c3,0.5 0.5 0.5 0.0 0.0 0.0 1.0
ID_4a4ab924f,0.5 0.5 0.5 0.0 0.0 0.0 1.0
ID_15add823b,0.5 0.5 0.5 0.0 0.0 0.0 1.0
ID_512a52d7c,0.5 0.5 0.5 0.0 0.0 0.0 1.0
ID_468ffef8f,0.5 0.5 0.5 0.0 0.0 0.0 1.0
ID_7a1a5f9e5,0.5 0.5 0.5 0.0 0.0 0.0 1.0
ID_5edde1776,0.5 0.5 0.5 0.0 0.0 0.0 1.0
ID_46f0b3cc3,0.5 0.5 0.5 0.0 0.0 0.0 1.0
ID_468b316b3,0.5 0.5 0.5 0.0 0.0 0.0 1.0
ID_a825a5878,0.5 0.5 0.5 0.0 0.0 0.0 1.0
ID_5ba98eae0,0.5 0.5 0.5 0.0 0.0 0.0 1.0
ID_eb40b564e,0.5 0.5 0.5 0.0 0.0 0.0 1.0
ID_bbe017172,0.5 0.5 0.5 0.0 0.0 0.0 1.0
ID_ab948a822,0.5 0.5 0.5 0.0 0.0 0.0 1.0
ID_6804bbd09,0.5 0.5 0.5 0.0 0.0 0.0 1.0
ID_0bfb67d04,0.5 0.5 0.5 0.0 0.0 0.0 1.0
ID_e55bd3596,0.5 0.5 0.5 0.0 0.0 0.0 1.0
ID_fa5824bd3,0.5 0.5 0.5 0.0 0.0 0.0 1.0
ID_5d8f7d092,0.5 0.5 0.5 0.0 0.0 0.0 1.0
ID_6ddb1b822,0.5 0.5 0.5 0.0 0.0 0.0 1.0
ID_a12a2da86,0.5 0.5 0.5 0.0 0.0 0.0 1.0
ID_ef81a1665,0.5 0.5 0.5 0.0 0.0 0.0 1.0
ID_abbd13e0a,0.5 0.5 0.5 0.0 0.0 0.0 1.0
ID_86e3c4fb6,0.5 0.5 0.5 0.0 0.0 0.0 1.0
ID_385886603,0.5 0.5 0.5 0.0 0.0 0.0 1.0
ID_44740963f,0.5 0.5 0.5 0.0 0.0 0.0 1.0
ID_984444dff,0.5 0.5 0.5 0.0 0.0 0.0 1.0
ID_cee2af577,0.5 0.5 0.5 0.0 0.0 0.0 1.0
ID_3d337cab1,0.5 0.5 0.5 0.0 0.0 0.0 1.0
ID_be6cefc55,0.5 0.5 0.5 0.0 0.0 0.0 1.0
ID_42ff73b0f,0.5 0.5 0.5 0.0 0.0 0.0 1.0
ID_4331e8c9e,0.5 0.5 0.5 0.0 0.0 0.0 1.0
ID_d84ce77e4,0.5 0.5 0.5 0.0 0.0 0.0 1.0
ID_691890bc5,0.5 0.5 0.5 0.0 0.0 0.0 1.0
ID_ccd67a273,0.5 0.5 0.5 0.0 0.0 0.0 1.0
ID_4927bd0b5,0.5 0.5 0.5 0.0 0.0 0.0 1.0
ID_970748ad8,0.5 0.5 0.5 0.0 0.0 0.0 1.0
ID_048363b25,0.5 0.5 0.5 0.0 0.0 0.0 1.0
ID_ea29783ac,0.5 0.5 0.5 0.0 0.0 0.0 1.0
ID_19816c9e5,0.5 0.5 0.5 0.0 0.0 0.0 1.0
ID_230edce60,0.5 0.5 0.5 0.0 0.0 0.0 1.0
ID_ece11d5ec,0.5 0.5 0.5 0.0 0.0 0.0 1.0
ID_448159c79,0.5 0.5 0.5 0.0 0.0 0.0 1.0
ID_69a9530d2,0.5 0.5 0.5 0.0 0.0 0.0 1.0
ID_10d8500f6,0.5 0.5 0.5 0.0 0.0 0.0 1.0
ID_c3ed19946,0.5 0.5 0.5 0.0 0.0 0.0 1.0
ID_268908e2c,0.5 0.5 0.5 0.0 0.0 0.0 1.0
ID_a9638e1bc,0.5 0.5 0.5 0.0 0.0 0.0 1.0
ID_a9fda89f2,0.5 0.5 0.5 0.0 0.0 0.0 1.0
ID_bd59f88ae,0.5 0.5 0.5 0.0 0.0 0.0 1.0
ID_9eb704438,0.5 0.5 0.5 0.0 0.0 0.0 1.0
ID_e00f0d8b8,0.5 0.5 0.5 0.0 0.0 0.0 1.0
ID_69bd814ec,0.5 0.5 0.5 0.0 0.0 0.0 1.0
ID_7a3dba583,0.5 0.5 0.5 0.0 0.0 0.0 1.0
ID_14eeaffac,0.5 0.5 0.5 0.0 0.0 0.0 1.0
ID_ef888c555,0.5 0.5 0.5 0.0 0.0 0.0 1.0
ID_c56ab81cd,0.5 0.5 0.5 0.0 0.0 0.0 1.0
ID_d29552df0,0.5 0.5 0.5 0.0 0.0 0.0 1.0
ID_2866460c9,0.5 0.5 0.5 0.0 0.0 0.0 1.0
ID_059439a2f,0.5 0.5 0.5 0.0 0.0 0.0 1.0
ID_9e495a2de,0.5 0.5 0.5 0.0 0.0 0.0 1.0
ID_8e217493f,0.5 0.5 0.5 0.0 0.0 0.0 1.0
ID_90b879edb,0.5 0.5 0.5 0.0 0.0 0.0 1.0
ID_0d6b5681f,0.5 0.5 0.5 0.0 0.0 0.0 1.0
ID_39923f00a,0.5 0.5 0.5 0.0 0.0 0.0 1.0
ID_d0e3e2e2b,0.5 0.5 0.5 0.0 0.0 0.0 1.0
ID_b84c97d23,0.5 0.5 0.5 0.0 0.0 0.0 1.0
ID_809da36d7,0.5 0.5 0.5 0.0 0.0 0.0 1.0
ID_7bdf4be87,0.5 0.5 0.5 0.0 0.0 0.0 1.0
ID_97aa6e32b,0.5 0.5 0.5 0.0 0.0 0.0 1.0
ID_d959d6a90,0.5 0.5 0.5 0.0 0.0 0.0 1.0
ID_2e07c51ae,0.5 0.5 0.5 0.0 0.0 0.0 1.0
ID_8d63ecef6,0.5 0.5 0.5 0.0 0.0 0.0 1.0
ID_c60214cee,0.5 0.5 0.5 0.0 0.0 0.0 1.0
ID_ff99f8c4b,0.5 0.5 0.5 0.0 0.0 0.0 1.0
ID_cd39edcb7,0.5 0.5 0.5 0.0 0.0 0.0 1.0
ID_b331790cc,0.5 0.5 0.5 0.0 0.0 0.0 1.0
ID_167c6d29a,0.5 0.5 0.5 0.0 0.0 0.0 1.0
ID_a2dd063fe,0.5 0.5 0.5 0.0 0.0 0.0 1.0
ID_0a5908893,0.5 0.5 0.5 0.0 0.0 0.0 1.0
ID_30f38ce51,0.5 0.5 0.5 0.0 0.0 0.0 1.0
ID_4e16a81ba,0.5 0.5 0.5 0.0 0.0 0.0 1.0
ID_dc61b4ca6,0.5 0.5 0.5 0.0 0.0 0.0 1.0
ID_fcb0e50a9,0.5 0.5 0.5 0.0 0.0 0.0 1.0
ID_1ae5d76da,0.5 0.5 0.5 0.0 0.0 0.0 1.0
ID_70b3578fe,0.5 0.5 0.5 0.0 0.0 0.0 1.0
ID_a4c4556f0,0.5 0.5 0.5 0.0 0.0 0.0 1.0
ID_db69b146f,0.5 0.5 0.5 0.0 0.0 0.0 1.0
ID_70f9d5048,0.5 0.5 0.5 0.0 0.0 0.0 1.0
ID_a6fb0dd5e,0.5 0.5 0.5 0.0 0.0 0.0 1.0
ID_8f853c786,0.5 0.5 0.5 0.0 0.0 0.0 1.0
ID_81cefb6ee,0.5 0.5 0.5 0.0 0.0 0.0 1.0
ID_2db972715,0.5 0.5 0.5 0.0 0.0 0.0 1.0
ID_bc157e6a1,0.5 0.5 0.5 0.0 0.0 0.0 1.0
ID_51ca8a295,0.5 0.5 0.5 0.0 0.0 0.0 1.0
ID_34475217a,0.5 0.5 0.5 0.0 0.0 0.0 1.0
ID_d29d3b166,0.5 0.5 0.5 0.0 0.0 0.0 1.0
ID_e738946d4,0.5 0.5 0.5 0.0 0.0 0.0 1.0
ID_1b8fc56d7,0.5 0.5 0.5 0.0 0.0 0.0 1.0
ID_8b1351478,0.5 0.5 0.5 0.0 0.0 0.0 1.0
ID_949461e5a,0.5 0.5 0.5 0.0 0.0 0.0 1.0
ID_0a973b163,0.5 0.5 0.5 0.0 0.0 0.0 1.0
ID_6a3507be6,0.5 0.5 0.5 0.0 0.0 0.0 1.0
ID_b2a193f29,0.5 0.5 0.5 0.0 0.0 0.0 1.0
ID_d72191b84,0.5 0.5 0.5 0.0 0.0 0.0 1.0
ID_6c7a8ecbb,0.5 0.5 0.5 0.0 0.0 0.0 1.0
ID_d8fc383c1,0.5 0.5 0.5 0.0 0.0 0.0 1.0
ID_eda9048a5,0.5 0.5 0.5 0.0 0.0 0.0 1.0
ID_4884bd9f8,0.5 0.5 0.5 0.0 0.0 0.0 1.0
ID_a6b9ad41b,0.5 0.5 0.5 0.0 0.0 0.0 1.0
ID_b8cf25017,0.5 0.5 0.5 0.0 0.0 0.0 1.0
ID_926bcb8fe,0.5 0.5 0.5 0.0 0.0 0.0 1.0
ID_e9283d6c6,0.5 0.5 0.5 0.0 0.0 0.0 1.0
ID_00430e015,0.5 0.5 0.5 0.0 0.0 0.0 1.0
ID_7c6f9c811,0.5 0.5 0.5 0.0 0.0 0.0 1.0
ID_a36374d4f,0.5 0.5 0.5 0.0 0.0 0.0 1.0
ID_998f76276,0.5 0.5 0.5 0.0 0.0 0.0 1.0
ID_427dfeea1,0.5 0.5 0.5 0.0 0.0 0.0 1.0
ID_94b297779,0.5 0.5 0.5 0.0 0.0 0.0 1.0
ID_53514d85d,0.5 0.5 0.5 0.0 0.0 0.0 1.0
